Version Number,File Name,LOC_Touched,NumberRevisions,NumberBugFix,LOC_Added,MAX_LOC_Added,Chg_Set_Size,Max_Chg_Set,AVG_Chg_Set,Avg_LOC_Added,Bugginess
1.0.5,core/src/test/java/org/apache/syncope/core/rest/UserTestITCase.java,1332,26,7,230,46,1083,705,41.653847,8.846154,true
1.0.5,core/src/test/java/org/apache/syncope/core/rest/TaskTestITCase.java,1207,18,2,334,113,1075,705,59.72222,18.555555,true
1.0.5,core/src/test/java/org/apache/syncope/core/rest/SchemaTestITCase.java,218,11,0,31,7,840,705,76.36364,2.8181818,false
1.0.5,core/src/test/java/org/apache/syncope/core/rest/RoleTestITCase.java,846,11,0,71,26,971,705,88.27273,6.4545455,false
1.0.5,core/src/test/java/org/apache/syncope/core/rest/AbstractTest.java,57,8,1,44,16,79,29,9.875,5.5,true
1.0.5,core/src/test/java/org/apache/syncope/core/rest/TaskTestITCase.java,299,2,0,17,13,6,5,3.0,8.5,false
1.0.5,core/src/test/java/org/apache/syncope/core/rest/AbstractTest.java,294,15,0,77,16,896,705,59.733334,5.133333,false
1.0.5,core/src/test/java/org/apache/syncope/core/persistence/dao/TaskTest.java,109,4,0,5,4,929,705,232.25,1.25,false
1.0.5,core/src/main/java/org/apache/syncope/core/util/ConnObjectUtil.java,192,4,2,80,49,188,181,47.0,20.0,true
1.0.5,core/src/main/java/org/apache/syncope/core/util/MappingUtil.java,693,8,1,570,354,1030,705,128.75,71.25,true
1.0.5,core/src/main/java/org/apache/syncope/core/propagation/PropagationManager.java,461,11,6,110,64,325,181,29.545454,10.0,true
1.0.5,core/src/test/java/org/apache/syncope/core/rest/SearchTestITCase.java,299,6,0,261,208,931,705,155.16667,43.5,false
1.0.5,core/src/test/java/org/apache/syncope/core/rest/ResourceTestITCase.java,272,6,0,48,37,936,705,156.0,8.0,false
1.0.5,core/src/test/java/org/apache/syncope/core/rest/ConnInstanceTestITCase.java,270,8,0,12,5,986,705,123.25,1.5,false
1.0.5,core/src/test/java/org/apache/syncope/core/quartz/TestSyncActions.java,17,2,0,2,1,195,181,97.5,1.0,false
1.0.5,core/src/test/java/org/apache/syncope/core/persistence/relationships/TaskTest.java,29,3,0,13,7,925,705,308.33334,4.3333335,false
1.0.5,core/src/test/java/org/apache/syncope/core/persistence/relationships/SchemaTest.java,51,3,0,12,6,925,705,308.33334,4.0,false
1.0.5,core/src/test/java/org/apache/syncope/core/persistence/relationships/ResourceTest.java,254,3,0,69,63,925,705,308.33334,23.0,false
1.0.5,core/src/test/java/org/apache/syncope/core/persistence/relationships/AttributableSearchTest.java,91,3,0,80,80,906,705,302.0,26.666666,false
1.0.5,core/src/test/java/org/apache/syncope/core/persistence/dao/ResourceTest.java,106,5,1,13,10,954,705,190.8,2.6,true
1.0.5,core/src/test/java/org/apache/syncope/core/persistence/dao/PolicyTest.java,19,3,0,8,4,925,705,308.33334,2.6666667,false
1.0.5,core/src/test/java/org/apache/syncope/core/persistence/dao/DerSchemaTest.java,17,4,0,5,3,952,705,238.0,1.25,false
1.0.5,core/src/test/java/org/apache/syncope/core/persistence/dao/AttributableSearchTest.java,436,4,0,410,399,935,705,233.75,102.5,false
1.0.5,core/src/main/java/org/apache/syncope/core/workflow/user/activiti/task/Update.java,43,2,0,42,42,886,705,443.0,21.0,false
1.0.5,core/src/main/java/org/apache/syncope/core/workflow/user/activiti/task/Suspend.java,28,1,0,28,28,181,181,181.0,28.0,false
1.0.5,core/src/main/java/org/apache/syncope/core/workflow/user/activiti/task/Reactivate.java,28,1,0,28,28,181,181,181.0,28.0,false
1.0.5,core/src/main/java/org/apache/syncope/core/workflow/user/activiti/task/GenerateToken.java,37,1,0,37,37,181,181,181.0,37.0,false
1.0.5,core/src/main/java/org/apache/syncope/core/workflow/user/activiti/task/Delete.java,41,1,0,41,41,181,181,181.0,41.0,false
1.0.5,core/src/main/java/org/apache/syncope/core/workflow/user/activiti/task/Create.java,42,2,0,41,41,886,705,443.0,20.5,false
1.0.5,core/src/main/java/org/apache/syncope/core/workflow/user/activiti/task/AutoActivate.java,31,1,0,31,31,181,181,181.0,31.0,false
1.0.5,core/src/main/java/org/apache/syncope/core/workflow/user/activiti/task/AbstractActivitiDelegate.java,61,1,0,61,61,181,181,181.0,61.0,false
1.0.5,core/src/main/java/org/apache/syncope/core/workflow/user/activiti/SyncopeUserQueryImpl.java,226,3,0,217,216,900,705,300.0,72.333336,false
1.0.5,core/src/main/java/org/apache/syncope/core/workflow/user/activiti/SyncopeUserManager.java,125,3,0,121,120,889,705,296.33334,40.333332,false
1.0.5,core/src/main/java/org/apache/syncope/core/workflow/user/activiti/SyncopeSessionFactory.java,45,1,0,45,45,181,181,181.0,45.0,false
1.0.5,core/src/main/java/org/apache/syncope/core/workflow/user/activiti/SyncopeSession.java,26,1,0,26,26,181,181,181.0,26.0,false
1.0.5,core/src/main/java/org/apache/syncope/core/workflow/user/activiti/SyncopeGroupQueryImpl.java,157,2,0,157,156,886,705,443.0,78.5,false
1.0.5,core/src/main/java/org/apache/syncope/core/workflow/user/activiti/SyncopeGroupManager.java,105,3,0,103,102,889,705,296.33334,34.333332,false
1.0.5,core/src/main/java/org/apache/syncope/core/workflow/user/activiti/SyncopeEntitiesVariableType.java,35,1,0,35,35,181,181,181.0,35.0,false
1.0.5,core/src/main/java/org/apache/syncope/core/workflow/user/activiti/ActivitiWorkflowLoader.java,69,4,0,66,65,995,705,248.75,16.5,false
1.0.5,core/src/main/java/org/apache/syncope/core/workflow/user/activiti/ActivitiUserWorkflowAdapter.java,699,6,1,679,674,1112,705,185.33333,113.166664,true
1.0.5,core/src/main/java/org/apache/syncope/core/workflow/user/UserWorkflowAdapter.java,152,2,0,150,150,886,705,443.0,75.0,false
1.0.5,core/src/main/java/org/apache/syncope/core/workflow/user/NoOpUserWorkflowAdapter.java,209,3,1,200,199,910,705,303.33334,66.666664,true
1.0.5,core/src/main/java/org/apache/syncope/core/workflow/user/AbstractUserWorkflowAdapter.java,123,4,0,118,117,995,705,248.75,29.5,false
1.0.5,core/src/main/java/org/apache/syncope/core/workflow/role/RoleWorkflowAdapter.java,80,2,0,78,78,886,705,443.0,39.0,false
1.0.5,core/src/main/java/org/apache/syncope/core/workflow/role/NoOpRoleWorkflowAdapter.java,136,2,0,131,131,886,705,443.0,65.5,false
1.0.5,core/src/main/java/org/apache/syncope/core/workflow/role/AbstractRoleWorkflowAdapter.java,68,4,0,64,63,995,705,248.75,16.0,false
1.0.5,core/src/main/java/org/apache/syncope/core/workflow/WorkflowAdapter.java,107,4,0,103,103,995,705,248.75,25.75,false
1.0.5,core/src/main/java/org/apache/syncope/core/util/EntitlementUtil.java,19,2,0,19,18,886,705,443.0,9.5,false
1.0.5,core/src/main/java/org/apache/syncope/core/util/AttributableUtil.java,241,3,0,232,228,979,705,326.33334,77.333336,false
1.0.5,core/src/main/java/org/apache/syncope/core/sync/SyncopeSyncResultHandler.java,327,4,0,70,44,307,181,76.75,17.5,false
1.0.5,core/src/main/java/org/apache/syncope/core/sync/SyncResult.java,177,3,0,140,136,911,705,303.66666,46.666668,false
1.0.5,core/src/main/java/org/apache/syncope/core/sync/SyncJob.java,67,4,0,18,14,307,181,76.75,4.5,false
1.0.5,core/src/main/java/org/apache/syncope/core/sync/SyncActions.java,124,3,0,99,99,911,705,303.66666,33.0,false
1.0.5,core/src/main/java/org/apache/syncope/core/sync/DefaultSyncActions.java,45,6,0,11,8,1044,705,174.0,1.8333334,false
1.0.5,core/src/main/java/org/apache/syncope/core/rest/data/UserDataBinder.java,51,5,0,6,2,970,705,194.0,1.2,false
1.0.5,core/src/main/java/org/apache/syncope/core/rest/data/TaskDataBinder.java,80,2,0,24,24,886,705,443.0,12.0,false
1.0.5,core/src/main/java/org/apache/syncope/core/rest/data/RoleDataBinder.java,44,4,0,30,28,1059,705,264.75,7.5,false
1.0.5,core/src/main/java/org/apache/syncope/core/rest/data/ResourceDataBinder.java,310,3,0,129,120,889,705,296.33334,43.0,false
1.0.5,core/src/main/java/org/apache/syncope/core/rest/data/AbstractAttributableDataBinder.java,204,3,0,7,5,979,705,326.33334,2.3333333,false
1.0.5,core/src/main/java/org/apache/syncope/core/rest/controller/WorkflowController.java,25,3,0,4,2,890,705,296.66666,1.3333334,false
1.0.5,core/src/main/java/org/apache/syncope/core/rest/controller/UserController.java,154,8,2,11,4,1223,705,152.875,1.375,true
1.0.5,core/src/main/java/org/apache/syncope/core/rest/controller/RoleController.java,183,7,0,113,108,1282,705,183.14285,16.142857,false
1.0.5,core/src/main/java/org/apache/syncope/core/rest/controller/ResourceController.java,95,6,0,27,15,1019,705,169.83333,4.5,false
1.0.5,core/src/main/java/org/apache/syncope/core/report/UserReportlet.java,40,3,1,9,6,910,705,303.33334,3.0,true
1.0.5,core/src/main/java/org/apache/syncope/core/propagation/PropagationByResource.java,32,2,0,22,22,886,705,443.0,11.0,false
1.0.5,core/src/main/java/org/apache/syncope/core/propagation/LDAPMembershipPropagationActions.java,118,2,0,109,105,195,181,97.5,54.5,false
1.0.5,core/src/main/java/org/apache/syncope/core/propagation/DefaultPropagationHandler.java,57,2,0,56,56,261,181,130.5,28.0,false
1.0.5,core/src/main/java/org/apache/syncope/core/propagation/ConnectorFacadeProxy.java,234,7,0,70,42,264,181,37.714287,10.0,false
1.0.5,core/src/main/java/org/apache/syncope/core/propagation/AbstractPropagationTaskExecutor.java,312,3,1,154,153,285,181,95.0,51.333332,true
1.0.5,core/src/main/java/org/apache/syncope/core/policy/AccountPolicyEnforcer.java,153,7,2,11,4,965,705,137.85715,1.5714285,true
1.0.5,core/src/main/java/org/apache/syncope/core/persistence/validation/entity/PropagationTaskValidator.java,13,2,0,4,4,886,705,443.0,2.0,false
1.0.5,core/src/main/java/org/apache/syncope/core/persistence/validation/entity/InvalidEntityException.java,4,2,0,1,1,886,705,443.0,0.5,false
1.0.5,core/src/main/java/org/apache/syncope/core/persistence/validation/entity/ExternalResourceValidator.java,69,4,0,28,26,998,705,249.5,7.0,false
1.0.5,core/src/main/java/org/apache/syncope/core/persistence/dao/impl/VirSchemaDAOImpl.java,18,3,0,5,3,979,705,326.33334,1.6666666,false
1.0.5,core/src/main/java/org/apache/syncope/core/persistence/dao/impl/UserDAOImpl.java,330,4,0,18,10,1059,705,264.75,4.5,false
1.0.5,core/src/main/java/org/apache/syncope/core/persistence/dao/impl/TaskDAOImpl.java,42,3,0,4,2,979,705,326.33334,1.3333334,false
1.0.5,core/src/main/java/org/apache/syncope/core/persistence/dao/impl/SchemaDAOImpl.java,17,3,0,5,3,979,705,326.33334,1.6666666,false
1.0.5,core/src/main/java/org/apache/syncope/core/persistence/dao/impl/RoleDAOImpl.java,90,4,0,51,38,1059,705,264.75,12.75,false
1.0.5,core/src/main/java/org/apache/syncope/core/persistence/dao/impl/ResourceDAOImpl.java,70,5,0,27,21,1084,705,216.8,5.4,false
1.0.5,core/src/main/java/org/apache/syncope/core/persistence/dao/impl/PolicyDAOImpl.java,12,3,0,4,3,979,705,326.33334,1.3333334,false
1.0.5,core/src/main/java/org/apache/syncope/core/persistence/dao/impl/DerSchemaDAOImpl.java,22,3,0,4,3,979,705,326.33334,1.3333334,false
1.0.5,core/src/main/java/org/apache/syncope/core/persistence/dao/impl/AttributableSearchDAOImpl.java,647,5,0,616,565,1011,705,202.2,123.2,false
1.0.5,core/src/main/java/org/apache/syncope/core/persistence/dao/impl/AbstractAttributableDAOImpl.java,362,4,0,347,341,1059,705,264.75,86.75,false
1.0.5,core/src/main/java/org/apache/syncope/core/persistence/dao/UserDAO.java,4,4,0,1,1,976,705,244.0,0.25,false
1.0.5,core/src/main/java/org/apache/syncope/core/persistence/dao/TaskDAO.java,7,2,0,1,1,886,705,443.0,0.5,false
1.0.5,core/src/main/java/org/apache/syncope/core/persistence/dao/RoleDAO.java,17,3,0,13,12,966,705,322.0,4.3333335,false
1.0.5,core/src/main/java/org/apache/syncope/core/persistence/dao/ResourceDAO.java,10,2,0,3,2,886,705,443.0,1.5,false
1.0.5,core/src/main/java/org/apache/syncope/core/persistence/dao/AttributableSearchDAO.java,70,2,0,69,69,886,705,443.0,34.5,false
1.0.5,core/src/main/java/org/apache/syncope/core/persistence/dao/AttributableDAO.java,42,3,0,41,40,966,705,322.0,13.666667,false
1.0.5,core/src/main/java/org/apache/syncope/core/persistence/beans/user/UMappingItem.java,59,3,0,58,56,979,705,326.33334,19.333334,false
1.0.5,core/src/main/java/org/apache/syncope/core/persistence/beans/user/UMapping.java,145,4,0,139,135,982,705,245.5,34.75,false
1.0.5,core/src/main/java/org/apache/syncope/core/persistence/beans/user/UAttr.java,21,4,1,14,6,989,705,247.25,3.5,true
1.0.5,core/src/main/java/org/apache/syncope/core/persistence/beans/role/RVirAttr.java,8,3,0,4,2,979,705,326.33334,1.3333334,false
1.0.5,core/src/main/java/org/apache/syncope/core/persistence/beans/role/RMappingItem.java,59,4,0,58,56,990,705,247.5,14.5,false
1.0.5,core/src/main/java/org/apache/syncope/core/persistence/beans/role/RMapping.java,127,5,0,122,118,993,705,198.6,24.4,false
1.0.5,core/src/main/java/org/apache/syncope/core/persistence/beans/role/RAttr.java,21,3,0,13,6,979,705,326.33334,4.3333335,false
1.0.5,core/src/main/java/org/apache/syncope/core/persistence/beans/membership/MAttr.java,21,3,0,13,6,979,705,326.33334,4.3333335,false
1.0.5,core/src/main/java/org/apache/syncope/core/persistence/beans/SyncTask.java,22,5,0,15,14,1016,705,203.2,3.0,false
1.0.5,core/src/main/java/org/apache/syncope/core/persistence/beans/PropagationTask.java,22,3,0,2,1,911,705,303.66666,0.6666667,false
1.0.5,core/src/main/java/org/apache/syncope/core/persistence/beans/ExternalResource.java,97,3,0,20,18,911,705,303.66666,6.6666665,false
1.0.5,core/src/main/java/org/apache/syncope/core/persistence/beans/AbstractMappingItem.java,172,3,0,165,161,897,705,299.0,55.0,false
1.0.5,core/src/main/java/org/apache/syncope/core/persistence/beans/AbstractMapping.java,94,3,0,91,89,979,705,326.33334,30.333334,false
1.0.5,core/src/main/java/org/apache/syncope/core/notification/NotificationManager.java,59,3,0,16,6,189,181,63.0,5.3333335,false
1.0.5,core/src/main/java/org/apache/syncope/core/init/SpringContextInitializer.java,136,5,0,19,14,319,181,63.8,3.8,false
1.0.5,core/src/main/java/org/apache/syncope/core/init/ContentLoader.java,2,1,0,0,0,181,181,181.0,0.0,false
1.0.5,core/src/main/java/org/apache/syncope/core/init/ConnInstanceLoader.java,44,7,1,17,11,1043,705,149.0,2.4285715,true
1.0.5,console/src/test/java/org/apache/syncope/console/AbstractTest.java,3,1,0,0,0,181,181,181.0,0.0,false
1.0.5,console/src/main/java/org/apache/syncope/console/rest/WorkflowRestClient.java,15,4,0,0,0,1092,705,273.0,0.0,false
1.0.5,console/src/main/java/org/apache/syncope/console/rest/NotificationRestClient.java,46,6,0,4,3,1126,705,187.66667,0.6666667,false
1.0.5,console/src/main/java/org/apache/syncope/console/pages/panels/UserSearchPanel.java,605,5,0,16,15,1072,705,214.4,3.2,false
1.0.5,console/src/main/java/org/apache/syncope/console/pages/panels/ResourceMappingPanel.java,433,6,2,68,32,942,705,157.0,11.333333,true
1.0.5,console/src/main/java/org/apache/syncope/console/pages/panels/ResourceDetailsPanel.java,9,3,0,0,0,889,705,296.33334,0.0,false
1.0.5,console/src/main/java/org/apache/syncope/console/pages/panels/PolicyBeanPanel.java,65,3,1,15,9,893,705,297.66666,5.0,true
1.0.5,console/src/main/java/org/apache/syncope/console/pages/ResourceModalPage.java,29,6,2,4,2,963,705,160.5,0.6666667,true
1.0.5,console/src/main/java/org/apache/syncope/console/pages/NotificationModalPage.java,76,6,0,32,21,935,705,155.83333,5.3333335,false
1.0.5,console/src/main/java/org/apache/syncope/console/commons/StatusUtils.java,81,3,0,23,19,1057,705,352.33334,7.6666665,false
1.0.5,client/src/main/java/org/apache/syncope/types/SyncopeClientExceptionType.java,1,1,0,0,0,181,181,181.0,0.0,false
1.0.5,client/src/main/java/org/apache/syncope/types/SyncPolicySpec.java,21,1,0,7,7,181,181,181.0,7.0,false
1.0.5,client/src/main/java/org/apache/syncope/types/ResourceOperation.java,26,1,0,26,26,181,181,181.0,26.0,false
1.0.5,client/src/main/java/org/apache/syncope/types/IntMappingType.java,23,1,0,15,15,181,181,181.0,15.0,false
1.0.5,client/src/main/java/org/apache/syncope/types/EntityViolationType.java,2,1,0,1,1,181,181,181.0,1.0,false
1.0.5,client/src/main/java/org/apache/syncope/client/util/AttributableOperations.java,16,1,0,12,12,181,181,181.0,12.0,false
1.0.5,client/src/main/java/org/apache/syncope/client/to/UserTO.java,32,1,0,0,0,181,181,181.0,0.0,false
1.0.5,client/src/main/java/org/apache/syncope/client/to/SyncTaskTO.java,10,1,0,10,10,181,181,181.0,10.0,false
1.0.5,client/src/main/java/org/apache/syncope/client/to/ResourceTO.java,50,1,0,8,8,181,181,181.0,8.0,false
1.0.5,client/src/main/java/org/apache/syncope/client/to/PropagationTaskTO.java,10,1,0,1,1,181,181,181.0,1.0,false
1.0.5,client/src/main/java/org/apache/syncope/client/to/MembershipTO.java,21,1,0,20,20,181,181,181.0,20.0,false
1.0.5,client/src/main/java/org/apache/syncope/client/to/MappingTO.java,123,1,0,123,123,181,181,181.0,123.0,false
1.0.5,client/src/main/java/org/apache/syncope/client/to/MappingItemTO.java,116,1,0,116,116,181,181,181.0,116.0,false
1.0.5,client/src/main/java/org/apache/syncope/client/to/AbstractAttributableTO.java,31,1,0,31,31,181,181,181.0,31.0,false
1.0.5,client/src/main/java/org/apache/syncope/client/search/NodeCond.java,74,2,0,16,16,201,181,100.5,8.0,false
1.0.5,client/src/main/java/org/apache/syncope/client/search/AttributableCond.java,37,2,0,34,34,201,181,100.5,17.0,false
1.0.5,build-tools/src/main/java/org/apache/syncope/buildtools/LdifURLLoader.java,127,1,0,127,127,181,181,181.0,127.0,false
1.0.5,build-tools/src/main/java/org/apache/syncope/buildtools/ApacheDSStartStopListener.java,43,1,0,2,2,181,181,181.0,2.0,false
1.0.5,core/src/test/java/org/apache/syncope/core/notification/NotificationTest.java,95,3,0,7,5,799,705,266.33334,2.3333333,false
1.0.5,core/src/main/java/org/apache/syncope/core/persistence/beans/AbstractSchema.java,14,3,0,7,3,719,705,239.66667,2.3333333,false
1.0.5,core/src/main/java/org/apache/syncope/core/security/SyncopeAuthenticationProvider.java,50,4,0,24,18,793,705,198.25,6.0,false
1.0.5,console/src/main/java/org/apache/syncope/console/wicket/markup/html/form/DateTimeFieldPanel.java,18,2,0,0,0,708,705,354.0,0.0,false
1.0.5,console/src/main/java/org/apache/syncope/console/wicket/extensions/markup/html/repeater/data/table/DatePropertyColumn.java,10,2,0,3,2,708,705,354.0,1.5,false
1.0.5,console/src/main/java/org/apache/syncope/console/pages/panels/AttributesPanel.java,12,3,0,0,0,743,705,247.66667,0.0,false
1.0.5,core/src/test/java/org/apache/syncope/core/util/PasswordGeneratorTest.java,1,1,0,1,1,80,80,80.0,1.0,false
1.0.5,core/src/test/java/org/apache/syncope/core/security/PasswordEncoderTest.java,5,2,0,3,2,785,705,392.5,1.5,false
1.0.5,core/src/test/java/org/apache/syncope/core/persistence/dao/UserTest.java,30,3,0,3,2,824,705,274.66666,1.0,false
1.0.5,core/src/main/java/org/apache/syncope/core/workflow/WorkflowLoader.java,24,1,0,24,24,80,80,80.0,24.0,false
1.0.5,core/src/main/java/org/apache/syncope/core/validation/user/SyncopeUserValidator.java,190,1,0,190,190,80,80,80.0,190.0,false
1.0.5,core/src/main/java/org/apache/syncope/core/util/PasswordEncoder.java,141,3,1,138,130,793,705,264.33334,46.0,true
1.0.5,core/src/main/java/org/apache/syncope/core/security/EncodePasswordCLI.java,4,2,0,3,2,785,705,392.5,1.5,false
1.0.5,core/src/main/java/org/apache/syncope/core/rest/controller/ConnInstanceController.java,37,7,1,5,2,893,705,127.57143,0.71428573,true
1.0.5,core/src/main/java/org/apache/syncope/core/propagation/DefaultPropagationActions.java,2,2,0,1,1,112,80,56.0,0.5,false
1.0.5,core/src/main/java/org/apache/syncope/core/propagation/ConnectorFactory.java,58,4,0,49,47,823,705,205.75,12.25,false
1.0.5,core/src/main/java/org/apache/syncope/core/persistence/validation/entity/SyncopeUserCheck.java,4,3,0,3,2,794,705,264.66666,1.0,false
1.0.5,core/src/main/java/org/apache/syncope/core/persistence/validation/entity/SyncTaskValidator.java,7,3,0,4,2,810,705,270.0,1.3333334,false
1.0.5,core/src/main/java/org/apache/syncope/core/persistence/validation/entity/SchedTaskValidator.java,7,2,0,4,3,785,705,392.5,2.0,false
1.0.5,core/src/main/java/org/apache/syncope/core/persistence/dao/impl/ConnInstanceDAOImpl.java,8,2,0,2,2,173,93,86.5,1.0,false
1.0.5,core/src/main/java/org/apache/syncope/core/persistence/dao/InvalidSearchConditionException.java,30,1,0,30,30,80,80,80.0,30.0,false
1.0.5,core/src/main/java/org/apache/syncope/core/persistence/dao/ConnectorRegistry.java,34,2,0,31,31,86,80,43.0,15.5,false
1.0.5,core/src/main/java/org/apache/syncope/core/persistence/beans/user/SyncopeUser.java,29,5,1,13,7,897,705,179.4,2.6,true
1.0.5,core/src/main/java/org/apache/syncope/core/persistence/beans/SyncResult.java,136,1,0,136,136,80,80,80.0,136.0,false
1.0.5,core/src/main/java/org/apache/syncope/core/persistence/beans/SyncActions.java,118,3,0,99,93,133,80,44.333332,33.0,false
1.0.5,core/src/main/java/org/apache/syncope/core/persistence/beans/PropagationActions.java,28,1,0,28,28,80,80,80.0,28.0,false
1.0.5,core/src/main/java/org/apache/syncope/core/notification/NotificationManager.java,32,4,0,13,6,792,705,198.0,3.25,false
1.0.5,core/src/main/java/org/apache/syncope/core/init/JobInstanceLoader.java,14,5,1,6,3,927,705,185.4,1.2,true
1.0.5,core/src/main/java/org/apache/syncope/core/init/ImplementationClassNamesLoader.java,13,4,0,6,3,842,705,210.5,1.5,false
1.0.5,core/src/main/java/org/apache/syncope/core/connid/PasswordGenerator.java,351,3,0,348,346,786,705,262.0,116.0,false
1.0.5,core/src/main/java/org/apache/syncope/core/connid/ConnObjectUtil.java,598,8,1,583,556,967,705,120.875,72.875,true
1.0.5,console/src/test/java/org/apache/syncope/console/RoleTestITCase.java,32,3,0,0,0,215,171,71.666664,0.0,false
1.0.5,console/src/main/java/org/apache/syncope/console/wicket/markup/html/tree/TreeRoleProvider.java,44,2,0,44,43,714,705,357.0,22.0,false
1.0.5,console/src/main/java/org/apache/syncope/console/wicket/markup/html/tree/TreeRolePanel.java,42,2,0,19,19,714,705,357.0,9.5,false
1.0.5,console/src/main/java/org/apache/syncope/console/wicket/markup/html/tree/DefaultMutableTreeNodeExpansionModel.java,36,2,0,36,34,714,705,357.0,18.0,false
1.0.5,console/src/main/java/org/apache/syncope/console/wicket/markup/html/tree/DefaultMutableTreeNodeExpansion.java,156,2,0,155,154,714,705,357.0,77.5,false
1.0.5,console/src/main/java/org/apache/syncope/console/pages/panels/MembershipsPanel.java,46,2,0,5,4,714,705,357.0,2.5,false
1.0.5,console/src/main/java/org/apache/syncope/console/pages/Roles.java,46,5,0,15,12,925,705,185.0,3.0,false
1.0.5,console/src/main/java/org/apache/syncope/console/pages/RoleOwnerSelectModalPage.java,21,1,0,6,6,9,9,9.0,6.0,false
1.0.5,console/src/main/java/org/apache/syncope/console/commons/RoleTreeBuilder.java,8,3,0,2,1,885,705,295.0,0.6666667,false
1.0.5,console/src/test/java/org/apache/syncope/console/SchemaTestITCase.java,2,2,0,0,0,61,35,30.5,0.0,false
1.0.5,core/src/main/java/org/apache/syncope/core/policy/impl/PasswordPolicyEnforcerImpl.java,201,1,0,201,201,9,9,9.0,201.0,false
1.0.5,core/src/main/java/org/apache/syncope/core/policy/impl/AccountPolicyEnforcerImpl.java,155,2,1,149,147,33,24,16.5,74.5,true
1.0.5,core/src/main/java/org/apache/syncope/core/policy/PolicyEnforceException.java,2,2,0,0,0,19,10,9.5,0.0,false
1.0.5,core/src/main/java/org/apache/syncope/core/policy/PasswordPolicyEnforcer.java,177,3,0,1,1,743,705,247.66667,0.33333334,false
1.0.5,core/src/main/java/org/apache/syncope/core/persistence/validation/entity/SyncopeUserValidator.java,196,2,0,193,188,714,705,357.0,96.5,false
1.0.5,console/src/test/java/org/apache/syncope/console/UserTestITCase.java,10,2,0,0,0,206,171,103.0,0.0,false
1.0.5,console/src/main/java/org/apache/syncope/console/wicket/extensions/markup/html/repeater/data/table/TokenColumn.java,12,2,0,2,2,876,705,438.0,1.0,false
1.0.5,console/src/main/java/org/apache/syncope/console/wicket/extensions/markup/html/repeater/data/table/AttrColumn.java,94,2,0,93,93,876,705,438.0,46.5,false
1.0.5,console/src/main/java/org/apache/syncope/console/rest/UserRestClient.java,95,4,0,13,8,942,705,235.5,3.25,false
1.0.5,console/src/main/java/org/apache/syncope/console/rest/UserRequestRestClient.java,20,3,0,3,3,911,705,303.66666,1.0,false
1.0.5,console/src/main/java/org/apache/syncope/console/rest/TaskRestClient.java,64,3,0,6,6,911,705,303.66666,2.0,false
1.0.5,console/src/main/java/org/apache/syncope/console/rest/SchemaRestClient.java,86,6,0,8,3,976,705,162.66667,1.3333334,false
1.0.5,console/src/main/java/org/apache/syncope/console/rest/RoleRestClient.java,71,4,0,6,3,918,705,229.5,1.5,false
1.0.5,console/src/main/java/org/apache/syncope/console/rest/ResourceRestClient.java,20,3,0,3,3,911,705,303.66666,1.0,false
1.0.5,console/src/main/java/org/apache/syncope/console/rest/ReportRestClient.java,33,3,0,3,3,911,705,303.66666,1.0,false
1.0.5,console/src/main/java/org/apache/syncope/console/rest/PolicyRestClient.java,191,7,1,38,15,927,705,132.42857,5.428571,true
1.0.5,console/src/main/java/org/apache/syncope/console/rest/LoggerRestClient.java,25,3,0,3,3,911,705,303.66666,1.0,false
1.0.5,console/src/main/java/org/apache/syncope/console/rest/EntitlementRestClient.java,1,1,0,0,0,171,171,171.0,0.0,false
1.0.5,console/src/main/java/org/apache/syncope/console/rest/ConnectorRestClient.java,50,5,0,8,6,955,705,191.0,1.6,false
1.0.5,console/src/main/java/org/apache/syncope/console/rest/ConfigurationRestClient.java,20,5,0,2,2,969,705,193.8,0.4,false
1.0.5,console/src/main/java/org/apache/syncope/console/rest/BaseRestClient.java,53,4,0,44,41,914,705,228.5,11.0,false
1.0.5,console/src/main/java/org/apache/syncope/console/rest/ApprovalRestClient.java,14,3,0,2,2,911,705,303.66666,0.6666667,false
1.0.5,console/src/main/java/org/apache/syncope/console/rest/AbstractAttributableRestClient.java,44,3,0,41,39,911,705,303.66666,13.666667,false
1.0.5,console/src/main/java/org/apache/syncope/console/pages/panels/UserSearchResultPanel.java,219,3,0,204,203,878,705,292.66666,68.0,false
1.0.5,console/src/main/java/org/apache/syncope/console/pages/panels/StatusPanel.java,39,2,0,11,11,876,705,438.0,5.5,false
1.0.5,console/src/main/java/org/apache/syncope/console/pages/panels/SelectOnlyUserSearchResultPanel.java,103,2,0,101,101,876,705,438.0,50.5,false
1.0.5,console/src/main/java/org/apache/syncope/console/pages/panels/SearchView.java,307,3,0,305,291,888,705,296.0,101.666664,false
1.0.5,console/src/main/java/org/apache/syncope/console/pages/panels/RoleTabPanel.java,17,4,0,2,1,918,705,229.5,0.5,false
1.0.5,console/src/main/java/org/apache/syncope/console/pages/panels/RoleSummaryPanel.java,17,3,0,8,8,883,705,294.33334,2.6666667,false
1.0.5,console/src/main/java/org/apache/syncope/console/pages/panels/RoleSearchResultPanel.java,158,2,0,154,154,876,705,438.0,77.0,false
1.0.5,console/src/main/java/org/apache/syncope/console/pages/panels/RoleSearchPanel.java,75,3,0,73,72,888,705,296.0,24.333334,false
1.0.5,console/src/main/java/org/apache/syncope/console/pages/panels/AbstractSearchResultPanel.java,443,3,0,439,439,896,705,298.66666,146.33333,false
1.0.5,console/src/main/java/org/apache/syncope/console/pages/panels/AbstractSearchPanel.java,418,3,0,406,370,888,705,296.0,135.33333,false
1.0.5,console/src/main/java/org/apache/syncope/console/pages/Users.java,32,5,0,13,7,923,705,184.6,2.6,false
1.0.5,console/src/main/java/org/apache/syncope/console/pages/UserRequestModalPage.java,9,2,0,0,0,876,705,438.0,0.0,false
1.0.5,console/src/main/java/org/apache/syncope/console/pages/UserOwnerSelectModalPage.java,13,4,0,3,3,920,705,230.0,0.75,false
1.0.5,console/src/main/java/org/apache/syncope/console/pages/UserModalPage.java,34,4,0,4,4,935,705,233.75,1.0,false
1.0.5,console/src/main/java/org/apache/syncope/console/pages/StatusModalPage.java,48,3,0,3,3,900,705,300.0,1.0,false
1.0.5,console/src/main/java/org/apache/syncope/console/pages/RoleModalPage.java,83,4,0,42,37,935,705,233.75,10.5,false
1.0.5,console/src/main/java/org/apache/syncope/console/pages/ResultStatusModalPage.java,379,4,0,370,365,907,705,226.75,92.5,false
1.0.5,console/src/main/java/org/apache/syncope/console/pages/EditUserModalPage.java,11,2,0,0,0,876,705,438.0,0.0,false
1.0.5,console/src/main/java/org/apache/syncope/console/pages/DisplayAttributesModalPage.java,19,3,0,11,10,900,705,300.0,3.6666667,false
1.0.5,console/src/main/java/org/apache/syncope/console/commons/StatusBean.java,1,1,0,0,0,171,171,171.0,0.0,false
1.0.5,console/src/main/java/org/apache/syncope/console/commons/SortableAttributableProviderComparator.java,82,2,0,80,80,876,705,438.0,40.0,false
1.0.5,console/src/main/java/org/apache/syncope/console/commons/AttributableDataProvider.java,98,2,0,96,96,876,705,438.0,48.0,false
1.0.5,console/src/main/java/org/apache/syncope/console/SyncopeApplication.java,3,2,0,2,2,206,171,103.0,1.0,false
1.0.5,core/src/test/java/org/apache/syncope/core/persistence/dao/NotificationTest.java,10,3,0,0,0,764,705,254.66667,0.0,false
1.0.5,core/src/main/java/org/apache/syncope/core/persistence/validation/entity/NotificationValidator.java,5,2,0,2,2,725,705,362.5,1.0,false
1.0.5,core/src/main/java/org/apache/syncope/core/persistence/beans/AbstractBaseBean.java,5,2,0,2,2,725,705,362.5,1.0,false
1.0.5,client/src/test/java/org/apache/syncope/client/test/JSONTest.java,23,3,0,1,1,752,705,250.66667,0.33333334,false
1.0.5,client/src/main/java/org/apache/syncope/client/search/SearchCond.java,27,1,0,27,27,20,20,20.0,27.0,false
1.0.5,client/src/main/java/org/apache/syncope/client/search/ResourceCond.java,2,1,0,0,0,20,20,20.0,0.0,false
1.0.5,client/src/main/java/org/apache/syncope/client/search/MembershipCond.java,2,1,0,0,0,20,20,20.0,0.0,false
1.0.5,client/src/main/java/org/apache/syncope/client/search/EntitlementCond.java,41,1,0,41,41,20,20,20.0,41.0,false
1.0.5,client/src/main/java/org/apache/syncope/client/search/AttributeCond.java,2,1,0,0,0,20,20,20.0,0.0,false
1.0.5,console/src/main/java/org/apache/syncope/console/rest/AuthRestClient.java,68,4,0,56,53,783,705,195.75,14.0,false
1.0.5,console/src/main/java/org/apache/syncope/console/pages/panels/RolePanel.java,9,3,0,1,1,752,705,250.66667,0.33333334,false
1.0.5,console/src/main/java/org/apache/syncope/console/pages/Login.java,19,4,0,8,4,750,705,187.5,2.0,false
1.0.5,console/src/main/java/org/apache/syncope/console/commons/SearchCondWrapper.java,4,2,0,1,1,717,705,358.5,0.5,false
1.0.5,core/src/main/java/org/apache/syncope/core/sync/LDAPMembershipSyncActions.java,297,3,0,288,282,85,39,28.333334,96.0,false
1.0.5,core/src/main/java/org/apache/syncope/core/quartz/SampleJob.java,2,1,0,1,1,14,14,14.0,1.0,false
1.0.5,core/src/main/java/org/apache/syncope/core/util/ConnBundleManager.java,10,3,0,1,1,736,705,245.33333,0.33333334,false
1.0.5,core/src/test/java/org/apache/syncope/core/persistence/dao/ConnInstanceTest.java,11,3,0,3,3,769,705,256.33334,1.0,false
1.0.5,core/src/test/java/org/apache/syncope/core/AbstractTest.java,45,3,0,2,2,823,705,274.33334,0.6666667,false
1.0.5,core/src/main/java/org/apache/syncope/core/util/XMLSerializer.java,72,2,0,71,68,730,705,365.0,35.5,false
1.0.5,core/src/main/java/org/apache/syncope/core/util/GuardedStringConverter.java,138,2,0,133,126,730,705,365.0,66.5,false
1.0.5,core/src/main/java/org/apache/syncope/core/persistence/beans/UserRequest.java,4,2,0,0,0,730,705,365.0,0.0,false
1.0.5,core/src/main/java/org/apache/syncope/core/persistence/beans/ReportletConfInstance.java,2,2,0,0,0,730,705,365.0,0.0,false
1.0.5,core/src/main/java/org/apache/syncope/core/persistence/beans/Policy.java,12,4,2,4,3,738,705,184.5,1.0,true
1.0.5,core/src/main/java/org/apache/syncope/core/persistence/beans/Notification.java,6,2,0,1,1,730,705,365.0,0.5,false
1.0.5,core/src/main/java/org/apache/syncope/core/persistence/beans/ConnInstance.java,7,2,0,4,4,730,705,365.0,2.0,false
1.0.5,console/src/test/java/org/apache/syncope/console/ConnInstanceTestITCase.java,9,2,0,0,0,60,35,30.0,0.0,false
1.0.5,client/src/main/java/org/apache/syncope/types/AuditLoggerName.java,6,2,0,1,1,44,25,22.0,0.5,false
1.0.5,client/src/main/java/org/apache/syncope/client/validation/SyncopeClientErrorHandler.java,2,1,0,1,1,25,25,25.0,1.0,false
1.0.5,console/src/main/java/org/apache/syncope/console/wicket/markup/html/tree/TreeActionLinkPanel.java,29,2,0,13,8,712,705,356.0,6.5,false
1.0.5,client/src/main/java/org/apache/syncope/client/to/ConnObjectTO.java,4,1,0,1,1,7,7,7.0,1.0,false
1.0.5,console/src/test/java/org/apache/syncope/console/TaskTestITCase.java,2,1,0,0,0,35,35,35.0,0.0,false
1.0.5,console/src/test/java/org/apache/syncope/console/ResourceTestITCase.java,9,2,0,0,0,55,35,27.5,0.0,false
1.0.5,console/src/test/java/org/apache/syncope/console/ReportTestITCase.java,2,2,0,0,0,36,35,18.0,0.0,false
1.0.5,console/src/test/java/org/apache/syncope/console/ConfigurationTestITCase.java,2,1,0,0,0,35,35,35.0,0.0,false
1.0.5,console/src/main/java/org/apache/syncope/console/wicket/markup/html/form/ActionLinksPanel.java,6,1,0,0,0,35,35,35.0,0.0,false
1.0.5,console/src/main/java/org/apache/syncope/console/wicket/markup/html/form/ActionLink.java,2,2,0,1,1,740,705,370.0,0.5,false
1.0.5,console/src/main/java/org/apache/syncope/console/pages/panels/VirtualAttributesPanel.java,29,2,0,13,13,740,705,370.0,6.5,false
1.0.5,console/src/main/java/org/apache/syncope/console/pages/panels/SyncTasks.java,9,3,0,1,1,760,705,253.33333,0.33333334,false
1.0.5,console/src/main/java/org/apache/syncope/console/pages/panels/RoleDetailsPanel.java,114,2,0,105,105,740,705,370.0,52.5,false
1.0.5,console/src/main/java/org/apache/syncope/console/pages/RoleTemplateModalPage.java,56,2,0,54,54,740,705,370.0,27.0,false
1.0.5,console/src/main/java/org/apache/syncope/console/pages/RoleSelectModalPage.java,112,3,0,109,108,764,705,254.66667,36.333332,false
1.0.5,client/src/main/java/org/apache/syncope/services/UserServiceProxy.java,349,5,0,195,189,45,12,9.0,39.0,false
1.0.5,client/src/main/java/org/apache/syncope/services/UserService.java,422,6,0,188,188,80,19,13.333333,31.333334,false
1.0.5,client/src/main/java/org/apache/syncope/services/RoleServiceProxy.java,122,3,0,105,105,26,12,8.666667,35.0,false
1.0.5,client/src/main/java/org/apache/syncope/services/RoleService.java,195,6,0,102,93,102,31,17.0,17.0,false
1.0.5,client/src/main/java/org/apache/syncope/client/mod/StatusMod.java,121,1,0,121,121,6,6,6.0,121.0,false
1.0.5,core/src/test/java/org/apache/syncope/core/rest/AuthenticationTestITCase.java,661,10,0,10,3,863,705,86.3,1.0,false
1.0.5,client/src/main/java/org/apache/syncope/services/SpringServiceProxy.java,36,3,0,33,33,28,12,9.333333,11.0,false
1.0.5,client/src/main/java/org/apache/syncope/services/EntitlementServiceProxy.java,47,2,0,45,45,20,12,10.0,22.5,false
1.0.5,client/src/main/java/org/apache/syncope/services/EntitlementService.java,66,5,0,51,42,78,31,15.6,10.2,false
1.0.5,client/src/main/java/org/apache/syncope/client/to/EntitlementTO.java,138,2,0,90,90,39,31,19.5,45.0,false
1.0.5,core/src/main/java/org/apache/syncope/core/util/SchemaMappingUtil.java,138,3,2,6,4,17,10,5.6666665,2.0,true
1.0.5,core/src/main/java/org/apache/syncope/core/persistence/beans/Attributable.java,71,1,1,71,71,5,5,5.0,71.0,true
1.0.5,core/src/main/java/org/apache/syncope/core/persistence/beans/AbstractAttributable.java,82,4,3,30,27,132,93,33.0,7.5,true
1.0.5,core/src/test/java/org/apache/syncope/core/rest/ConfigurationTestITCase.java,133,5,0,8,3,790,705,158.0,1.6,false
1.0.5,core/src/main/java/org/apache/syncope/core/rest/controller/ConfigurationController.java,29,2,0,13,13,717,705,358.5,6.5,false
1.0.5,client/src/main/java/org/apache/syncope/services/ConfigurationServiceProxy.java,87,2,0,86,86,27,15,13.5,43.0,false
1.0.5,client/src/main/java/org/apache/syncope/services/ConfigurationService.java,132,6,0,85,69,104,31,17.333334,14.166667,false
1.0.5,client/src/main/java/org/apache/syncope/services/ConnectorServiceProxy.java,107,1,0,107,107,8,8,8.0,107.0,false
1.0.5,client/src/main/java/org/apache/syncope/services/ConnectorService.java,168,4,0,105,87,54,19,13.5,26.25,false
1.0.5,console/src/main/java/org/apache/syncope/console/rest/PolicyRestClient.java,13,1,0,0,0,1,1,1.0,0.0,false
1.0.5,core/src/main/java/org/apache/syncope/core/workflow/NoOpUserWorkflowAdapter.java,6,1,1,1,1,10,10,10.0,1.0,true
1.0.5,core/src/main/java/org/apache/syncope/core/workflow/ActivitiUserWorkflowAdapter.java,7,1,1,1,1,10,10,10.0,1.0,true
1.0.5,core/src/main/java/org/apache/syncope/core/persistence/beans/AbstractAttr.java,7,2,1,4,2,715,705,357.5,2.0,true
1.0.5,console/src/main/java/org/apache/syncope/console/pages/panels/SchedTasks.java,6,2,0,0,0,725,705,362.5,0.0,false
1.0.5,console/src/main/java/org/apache/syncope/console/pages/panels/PropagationTasks.java,6,2,0,0,0,725,705,362.5,0.0,false
1.0.5,console/src/main/java/org/apache/syncope/console/pages/panels/PoliciesPanel.java,46,7,2,16,15,786,705,112.28571,2.2857144,true
1.0.5,console/src/main/java/org/apache/syncope/console/pages/panels/NotificationTasks.java,6,2,0,0,0,725,705,362.5,0.0,false
1.0.5,console/src/main/java/org/apache/syncope/console/pages/Todo.java,32,2,0,15,15,725,705,362.5,7.5,false
1.0.5,console/src/main/java/org/apache/syncope/console/pages/TaskModalPage.java,10,3,0,0,0,749,705,249.66667,0.0,false
1.0.5,console/src/main/java/org/apache/syncope/console/pages/Schema.java,15,2,0,0,0,725,705,362.5,0.0,false
1.0.5,console/src/main/java/org/apache/syncope/console/pages/Resources.java,76,3,0,59,46,745,705,248.33333,19.666666,false
1.0.5,console/src/main/java/org/apache/syncope/console/pages/Reports.java,7,2,0,0,0,725,705,362.5,0.0,false
1.0.5,console/src/main/java/org/apache/syncope/console/pages/ReportModalPage.java,8,3,0,0,0,749,705,249.66667,0.0,false
1.0.5,console/src/main/java/org/apache/syncope/console/pages/Configuration.java,16,2,0,3,3,725,705,362.5,1.5,false
1.0.5,console/src/main/java/org/apache/syncope/console/pages/BasePage.java,2,2,0,0,0,725,705,362.5,0.0,false
1.0.5,core/src/test/java/org/apache/syncope/core/rest/LoggerTestITCase.java,33,3,0,9,9,728,705,242.66667,3.0,false
1.0.5,client/src/main/java/org/apache/syncope/services/LoggerServiceProxy.java,68,1,0,68,68,4,4,4.0,68.0,false
1.0.5,client/src/main/java/org/apache/syncope/services/LoggerService.java,96,3,0,74,72,42,19,14.0,24.666666,false
1.0.5,core/src/main/java/org/apache/syncope/core/notification/NotificationJob.java,19,3,1,6,6,733,705,244.33333,2.0,true
1.0.5,console/src/main/java/org/apache/syncope/console/pages/ReportletConfModalPage.java,86,7,2,38,12,787,705,112.42857,5.428571,true
1.0.5,console/src/main/java/org/apache/syncope/console/commons/PreferenceManager.java,7,4,2,1,1,758,705,189.5,0.25,true
1.0.5,console/src/main/java/org/apache/syncope/console/pages/panels/RoleSecurityPanel.java,22,4,0,6,6,733,705,183.25,1.5,false
1.0.5,console/src/main/java/org/apache/syncope/console/pages/panels/ResourceSecurityPanel.java,26,4,0,5,5,733,705,183.25,1.25,false
1.0.5,core/src/test/java/org/apache/syncope/core/rest/ReportTestITCase.java,53,3,0,3,3,728,705,242.66667,1.0,false
1.0.5,client/src/main/java/org/apache/syncope/services/ResourceServiceProxy.java,88,1,0,88,88,15,15,15.0,88.0,false
1.0.5,client/src/main/java/org/apache/syncope/services/ResourceService.java,83,3,0,73,70,65,31,21.666666,24.333334,false
1.0.5,client/src/main/java/org/apache/syncope/services/ReportServiceProxy.java,108,1,0,108,108,15,15,15.0,108.0,false
1.0.5,client/src/main/java/org/apache/syncope/services/ReportService.java,117,4,0,100,98,48,19,12.0,25.0,false
1.0.5,client/src/main/java/org/apache/syncope/services/TaskServiceProxy.java,139,1,0,139,139,10,10,10.0,139.0,false
1.0.5,client/src/main/java/org/apache/syncope/services/TaskService.java,181,4,0,125,124,79,31,19.75,31.25,false
1.0.5,core/src/test/java/org/apache/syncope/core/rest/PolicyTestITCase.java,67,5,0,9,6,768,705,153.6,1.8,false
1.0.5,client/src/main/java/org/apache/syncope/services/PolicyServiceProxy.java,87,1,0,87,87,5,5,5.0,87.0,false
1.0.5,client/src/main/java/org/apache/syncope/services/PolicyService.java,112,4,0,66,62,74,31,18.5,16.5,false
1.0.5,core/src/main/java/org/apache/syncope/core/rest/controller/PolicyController.java,14,2,1,2,1,712,705,356.0,1.0,true
1.0.5,console/src/main/java/org/apache/syncope/console/pages/PolicyModalPage.java,36,3,1,16,14,736,705,245.33333,5.3333335,true
1.0.5,core/src/test/java/org/apache/syncope/core/rest/WorkflowTestITCase.java,123,4,0,95,91,742,705,185.5,23.75,false
1.0.5,client/src/main/java/org/apache/syncope/services/WorkflowServiceProxy.java,49,1,0,49,49,4,4,4.0,49.0,false
1.0.5,client/src/main/java/org/apache/syncope/services/WorkflowService.java,70,4,0,51,51,71,29,17.75,12.75,false
1.0.5,core/src/main/java/org/apache/syncope/core/scheduling/NotificationJob.java,42,2,0,0,0,8,4,4.0,0.0,false
1.0.5,core/src/test/java/org/apache/syncope/core/rest/NotificationTestITCase.java,94,3,0,20,19,738,705,246.0,6.6666665,false
1.0.5,client/src/main/java/org/apache/syncope/services/proxy/WorkflowServiceProxy.java,70,5,0,51,50,124,35,24.8,10.2,false
1.0.5,client/src/main/java/org/apache/syncope/services/proxy/UserServiceProxy.java,268,5,0,188,187,124,35,24.8,37.6,false
1.0.5,client/src/main/java/org/apache/syncope/services/proxy/TaskServiceProxy.java,291,8,0,160,140,142,35,17.75,20.0,false
1.0.5,client/src/main/java/org/apache/syncope/services/proxy/SpringServiceProxy.java,60,6,0,42,33,155,35,25.833334,7.0,false
1.0.5,client/src/main/java/org/apache/syncope/services/proxy/RoleServiceProxy.java,192,5,0,103,102,124,35,24.8,20.6,false
1.0.5,client/src/main/java/org/apache/syncope/services/proxy/ResourceServiceProxy.java,137,5,0,91,89,113,35,22.6,18.2,false
1.0.5,client/src/main/java/org/apache/syncope/services/proxy/ReportServiceProxy.java,166,6,0,113,109,128,35,21.333334,18.833334,false
1.0.5,client/src/main/java/org/apache/syncope/services/proxy/PolicyServiceProxy.java,268,7,0,122,88,129,35,18.428572,17.428572,false
1.0.5,client/src/main/java/org/apache/syncope/services/proxy/NotificationServiceProxy.java,87,5,0,65,64,124,35,24.8,13.0,false
1.0.5,client/src/main/java/org/apache/syncope/services/proxy/LoggerServiceProxy.java,101,6,0,71,69,143,35,23.833334,11.833333,false
1.0.5,client/src/main/java/org/apache/syncope/services/proxy/EntitlementServiceProxy.java,75,6,0,48,46,155,35,25.833334,8.0,false
1.0.5,client/src/main/java/org/apache/syncope/services/proxy/ConnectorServiceProxy.java,184,6,0,117,108,141,35,23.5,19.5,false
1.0.5,client/src/main/java/org/apache/syncope/services/proxy/ConfigurationServiceProxy.java,180,7,0,99,87,159,35,22.714285,14.142858,false
1.0.5,client/src/main/java/org/apache/syncope/services/NotificationService.java,71,3,0,58,58,67,29,22.333334,19.333334,false
1.0.5,core/src/main/java/org/apache/syncope/core/persistence/beans/AbstractAttrValue.java,15,4,2,5,2,805,705,201.25,1.25,true
1.0.5,core/src/test/java/org/apache/syncope/core/rest/VirtualSchemaTestITCase.java,75,7,0,11,5,821,705,117.28571,1.5714285,false
1.0.5,core/src/test/java/org/apache/syncope/core/rest/DerivedSchemaTestITCase.java,119,9,0,19,6,839,705,93.22222,2.1111112,false
1.0.5,core/src/main/java/org/apache/syncope/core/rest/controller/SchemaController.java,11,3,0,2,2,811,705,270.33334,0.6666667,false
1.0.5,client/src/main/java/org/apache/syncope/services/proxy/SchemaServiceProxy.java,220,8,0,110,94,149,35,18.625,13.75,false
1.0.5,client/src/main/java/org/apache/syncope/services/SchemaService.java,135,4,0,82,62,82,31,20.5,20.5,false
1.0.5,client/src/main/java/org/apache/syncope/client/to/VirtualSchemaTO.java,11,1,0,0,0,13,13,13.0,0.0,false
1.0.5,client/src/main/java/org/apache/syncope/client/to/SchemaTO.java,31,2,0,5,5,30,17,15.0,2.5,false
1.0.5,client/src/main/java/org/apache/syncope/client/to/DerivedSchemaTO.java,11,1,0,0,0,13,13,13.0,0.0,false
1.0.5,client/src/main/java/org/apache/syncope/client/to/AbstractSchemaTO.java,41,2,0,40,37,30,17,15.0,20.0,false
1.0.5,core/src/test/java/org/apache/syncope/core/rest/UserRequestTestITCase.java,73,6,0,7,3,782,705,130.33333,1.1666666,false
1.0.5,core/src/main/java/org/apache/syncope/core/rest/controller/UserRequestController.java,8,2,0,2,2,715,705,357.5,1.0,false
1.0.5,client/src/main/java/org/apache/syncope/services/proxy/UserRequestServiceProxy.java,107,5,0,77,75,94,35,18.8,15.4,false
1.0.5,client/src/main/java/org/apache/syncope/services/UserRequestService.java,88,4,0,70,70,50,19,12.5,17.5,false
1.0.5,core/src/test/java/org/apache/syncope/core/sync/TestSyncActions.java,81,2,0,77,77,744,705,372.0,38.5,false
1.0.5,core/src/test/java/org/apache/syncope/core/sync/SyncTaskTest.java,125,2,0,123,123,744,705,372.0,61.5,false
1.0.5,core/src/test/java/org/apache/syncope/core/rest/data/ResourceDataTest.java,158,3,0,149,149,837,705,279.0,49.666668,false
1.0.5,core/src/test/java/org/apache/syncope/core/persistence/relationships/UserTest.java,11,2,0,3,2,744,705,372.0,1.5,false
1.0.5,core/src/test/java/org/apache/syncope/core/persistence/relationships/RoleTest.java,22,2,0,10,9,744,705,372.0,5.0,false
1.0.5,core/src/test/java/org/apache/syncope/core/persistence/relationships/ReportTest.java,14,2,0,7,4,744,705,372.0,3.5,false
1.0.5,core/src/test/java/org/apache/syncope/core/persistence/relationships/MembershipTest.java,12,2,0,4,4,744,705,372.0,2.0,false
1.0.5,core/src/test/java/org/apache/syncope/core/persistence/relationships/DerSchemaTest.java,12,2,0,5,4,744,705,372.0,2.5,false
1.0.5,core/src/test/java/org/apache/syncope/core/persistence/relationships/ConnInstanceTest.java,17,2,0,8,6,744,705,372.0,4.0,false
1.0.5,core/src/test/java/org/apache/syncope/core/persistence/relationships/AttrTest.java,22,2,0,10,8,744,705,372.0,5.0,false
1.0.5,core/src/test/java/org/apache/syncope/core/persistence/dao/VirSchemaTest.java,15,3,0,4,4,771,705,257.0,1.3333334,false
1.0.5,core/src/test/java/org/apache/syncope/core/persistence/dao/VirAttrTest.java,16,2,0,4,4,744,705,372.0,2.0,false
1.0.5,core/src/test/java/org/apache/syncope/core/persistence/dao/TaskExecTest.java,9,2,0,1,1,744,705,372.0,0.5,false
1.0.5,core/src/test/java/org/apache/syncope/core/persistence/dao/SchemaTest.java,20,2,0,9,9,744,705,372.0,4.5,false
1.0.5,core/src/test/java/org/apache/syncope/core/persistence/dao/RoleTest.java,10,2,0,4,4,744,705,372.0,2.0,false
1.0.5,core/src/test/java/org/apache/syncope/core/persistence/dao/ReportTest.java,9,2,0,3,3,744,705,372.0,1.5,false
1.0.5,core/src/test/java/org/apache/syncope/core/persistence/dao/MembershipTest.java,9,2,0,3,3,744,705,372.0,1.5,false
1.0.5,core/src/test/java/org/apache/syncope/core/persistence/dao/EntitlementTest.java,10,2,0,3,2,744,705,372.0,1.5,false
1.0.5,core/src/test/java/org/apache/syncope/core/persistence/dao/DerAttrTest.java,17,2,0,7,7,744,705,372.0,3.5,false
1.0.5,core/src/test/java/org/apache/syncope/core/persistence/dao/AttrTest.java,24,2,0,10,6,744,705,372.0,5.0,false
1.0.5,core/src/test/java/org/apache/syncope/core/persistence/dao/AbstractDAOTest.java,113,4,0,69,67,866,705,216.5,17.25,false
1.0.5,core/src/test/java/org/apache/syncope/core/connid/PasswordGeneratorTest.java,180,4,0,172,168,866,705,216.5,43.0,false
1.0.5,console/src/main/java/org/apache/syncope/console/pages/Tasks.java,1,1,0,0,0,1,1,1.0,0.0,false
1.0.5,console/src/main/java/org/apache/syncope/console/pages/Tasks.java,4,2,0,0,0,706,705,353.0,0.0,false
1.0.5,console/src/main/java/org/apache/syncope/console/pages/panels/ResourceConnConfPanel.java,28,2,0,14,14,725,705,362.5,7.0,false
1.0.5,core/src/test/java/org/apache/syncope/core/persistence/dao/TestDbInitializer.java,46,1,0,46,46,29,29,29.0,46.0,false
1.0.5,core/src/test/java/org/apache/syncope/core/persistence/dao/DummyConnectorRegistry.java,35,1,0,35,35,29,29,29.0,35.0,false
1.0.5,core/src/main/java/org/apache/syncope/core/workflow/WorkflowUserSuspender.java,96,4,0,87,84,773,705,193.25,21.75,false
1.0.5,core/src/main/java/org/apache/syncope/core/workflow/WorkflowInstanceLoader.java,24,1,0,24,24,29,29,29.0,24.0,false
1.0.5,core/src/main/java/org/apache/syncope/core/workflow/ActivitiDetector.java,84,1,0,84,84,29,29,29.0,84.0,false
1.0.5,core/src/main/java/org/apache/syncope/core/policy/UserSuspender.java,28,2,0,26,26,36,29,18.0,13.0,false
1.0.5,core/src/main/java/org/apache/syncope/core/persistence/dao/impl/ContentLoader.java,313,3,0,239,222,147,93,49.0,79.666664,false
1.0.5,core/src/main/java/org/apache/syncope/core/init/WorkflowAdapterLoader.java,59,1,0,59,59,29,29,29.0,59.0,false
1.0.5,client/src/main/java/org/apache/syncope/types/TaskType.java,49,1,0,49,49,31,31,31.0,49.0,false
1.0.5,client/src/main/java/org/apache/syncope/types/AttributableType.java,10,2,0,5,5,34,31,17.0,2.5,false
1.0.5,client/src/main/java/org/apache/syncope/services/proxy/SpringRestTemplate.java,26,1,0,26,26,31,31,31.0,26.0,false
1.0.5,console/src/main/java/org/apache/syncope/console/SyncopeSession.java,111,2,0,81,52,740,705,370.0,40.5,false
1.0.5,client/src/main/java/org/apache/syncope/client/SyncopeConstants.java,4,1,0,1,1,1,1,1.0,1.0,false
1.0.5,core/src/main/java/org/apache/syncope/core/propagation/PropagationException.java,5,2,0,2,2,17,10,8.5,1.0,false
1.0.5,core/src/test/java/org/apache/syncope/core/persistence/dao/impl/TestDbInitializer.java,50,4,0,46,45,826,705,206.5,11.5,false
1.0.5,core/src/test/java/org/apache/syncope/core/init/ConnInstanceLoaderTest.java,16,4,0,5,5,845,705,211.25,1.25,false
1.0.5,core/src/main/java/org/apache/syncope/core/propagation/impl/PropagationManager.java,868,4,0,701,699,841,705,210.25,175.25,false
1.0.5,core/src/main/java/org/apache/syncope/core/propagation/impl/PriorityPropagationTaskExecutor.java,80,2,0,79,77,737,705,368.5,39.5,false
1.0.5,core/src/main/java/org/apache/syncope/core/propagation/impl/LDAPMembershipPropagationActions.java,118,3,0,115,112,762,705,254.0,38.333332,false
1.0.5,core/src/main/java/org/apache/syncope/core/propagation/impl/DefaultPropagationHandler.java,59,2,0,57,57,737,705,368.5,28.5,false
1.0.5,core/src/main/java/org/apache/syncope/core/propagation/impl/ConnectorFacadeProxy.java,574,5,0,544,539,857,705,171.4,108.8,false
1.0.5,core/src/main/java/org/apache/syncope/core/propagation/impl/AbstractPropagationTaskExecutor.java,458,2,0,455,451,737,705,368.5,227.5,false
1.0.5,core/src/main/java/org/apache/syncope/core/propagation/SyncopeConnector.java,215,3,0,194,191,747,705,249.0,64.666664,false
1.0.5,core/src/main/java/org/apache/syncope/core/propagation/PropagationActions.java,30,1,0,30,30,32,32,32.0,30.0,false
1.0.5,console/src/main/java/org/apache/syncope/console/pages/VirtualSchemaModalPage.java,7,2,0,0,0,729,705,364.5,0.0,false
1.0.5,console/src/main/java/org/apache/syncope/console/pages/SchemaModalPage.java,8,2,0,1,1,729,705,364.5,0.5,false
1.0.5,console/src/main/java/org/apache/syncope/console/pages/ReportExecResultDownloadModalPage.java,7,2,0,3,3,729,705,364.5,1.5,false
1.0.5,console/src/main/java/org/apache/syncope/console/pages/MembershipModalPage.java,4,2,0,0,0,729,705,364.5,0.0,false
1.0.5,console/src/main/java/org/apache/syncope/console/pages/DerivedSchemaModalPage.java,6,2,0,0,0,729,705,364.5,0.0,false
1.0.5,console/src/main/java/org/apache/syncope/console/pages/ConnectorModalPage.java,33,2,0,16,15,729,705,364.5,8.0,false
1.0.5,console/src/main/java/org/apache/syncope/console/pages/ConfigurationModalPage.java,4,2,0,0,0,729,705,364.5,0.0,false
1.0.5,console/src/main/java/org/apache/syncope/console/pages/BaseModalPage.java,4,1,0,2,2,24,24,24.0,2.0,false
1.0.5,console/src/main/java/org/apache/syncope/console/pages/ApprovalModalPage.java,6,2,0,1,1,729,705,364.5,0.5,false
1.0.5,console/src/main/java/org/apache/syncope/console/commons/CloseOnESCBehavior.java,35,1,0,2,2,24,24,24.0,2.0,false
1.0.5,core/src/main/java/org/apache/syncope/core/sync/impl/SyncopeSyncResultHandler.java,812,4,0,789,718,833,705,208.25,197.25,false
1.0.5,core/src/main/java/org/apache/syncope/core/sync/impl/SyncJob.java,476,3,0,471,411,740,705,246.66667,157.0,false
1.0.5,core/src/main/java/org/apache/syncope/core/sync/impl/LDAPMembershipSyncActions.java,345,3,0,292,292,740,705,246.66667,97.333336,false
1.0.5,console/src/main/java/org/apache/syncope/console/pages/panels/ResultSetPanel.java,14,1,0,1,1,3,3,3.0,1.0,false
1.0.5,core/src/main/java/org/apache/syncope/core/services/EntitlementServiceImpl.java,96,2,0,96,48,42,31,21.0,48.0,false
1.0.5,core/src/main/java/org/apache/syncope/core/services/DummyHTTPServletResponse.java,376,3,0,348,171,135,93,45.0,116.0,false
1.0.5,core/src/main/java/org/apache/syncope/core/services/ContextAware.java,56,2,0,56,28,42,31,21.0,28.0,false
1.0.5,core/src/main/java/org/apache/syncope/core/services/ConfigurationServiceImpl.java,217,3,0,213,107,69,31,23.0,71.0,false
1.0.5,core/src/main/java/org/apache/syncope/core/rest/RestServiceExceptionMapper.java,287,2,0,282,282,736,705,368.0,141.0,false
1.0.5,core/src/main/java/org/apache/syncope/core/rest/QueryResourceInfoComperator.java,116,1,0,116,116,31,31,31.0,116.0,false
1.0.5,client/src/main/java/org/apache/syncope/client/util/CollectionWrapper.java,111,1,0,111,111,31,31,31.0,111.0,false
1.0.5,client/src/main/java/org/apache/syncope/client/to/ValidatorTO.java,53,1,0,53,53,31,31,31.0,53.0,false
1.0.5,client/src/main/java/org/apache/syncope/client/to/MailTemplateTO.java,53,1,0,53,53,31,31,31.0,53.0,false
1.0.5,client/src/main/java/org/apache/syncope/client/to/ConfigurationTO.java,7,1,0,5,5,31,31,31.0,5.0,false
1.0.5,core/src/main/java/org/apache/syncope/core/services/impl/EntitlementServiceImpl.java,51,2,0,48,48,714,705,357.0,24.0,false
1.0.5,core/src/main/java/org/apache/syncope/core/services/impl/DummyHTTPServletResponse.java,171,1,0,171,171,9,9,9.0,171.0,false
1.0.5,core/src/main/java/org/apache/syncope/core/services/impl/ContextAware.java,28,1,0,28,28,9,9,9.0,28.0,false
1.0.5,core/src/main/java/org/apache/syncope/core/services/impl/ConfigurationServiceImpl.java,112,3,0,107,106,731,705,243.66667,35.666668,false
1.0.5,core/src/main/java/org/apache/syncope/core/workflow/WorkflowException.java,3,2,0,2,2,715,705,357.5,1.0,false
1.0.5,core/src/main/java/org/apache/syncope/core/util/IncompatiblePolicyException.java,1,1,0,0,0,10,10,10.0,0.0,false
1.0.5,core/src/main/java/org/apache/syncope/core/rest/controller/UnauthorizedRoleException.java,2,1,0,0,0,10,10,10.0,0.0,false
1.0.5,core/src/main/java/org/apache/syncope/core/report/ReportException.java,1,1,0,0,0,10,10,10.0,0.0,false
1.0.5,core/src/main/java/org/apache/syncope/core/policy/PasswordPolicyException.java,1,1,0,0,0,10,10,10.0,0.0,false
1.0.5,core/src/main/java/org/apache/syncope/core/policy/AccountPolicyException.java,1,1,0,0,0,10,10,10.0,0.0,false
1.0.5,core/src/main/java/org/apache/syncope/core/persistence/dao/MissingConfKeyException.java,3,1,0,0,0,10,10,10.0,0.0,false
1.0.5,console/src/main/java/org/apache/syncope/console/rest/InvalidPolicyType.java,1,1,0,0,0,10,10,10.0,0.0,false
1.0.5,core/src/main/java/org/apache/syncope/core/services/impl/ConnectorServiceImpl.java,165,2,0,159,159,722,705,361.0,79.5,false
1.0.5,client/src/main/java/org/apache/syncope/types/ConnConfProperty.java,16,1,0,8,8,17,17,17.0,8.0,false
1.0.5,client/src/main/java/org/apache/syncope/types/ConnConfPropSchema.java,12,1,0,5,5,17,17,17.0,5.0,false
1.0.5,client/src/main/java/org/apache/syncope/client/to/ConnInstanceTO.java,14,1,0,12,12,17,17,17.0,12.0,false
1.0.5,client/src/main/java/org/apache/syncope/client/to/ConnBundleTO.java,22,1,0,10,10,17,17,17.0,10.0,false
1.0.5,core/src/main/java/org/apache/syncope/core/workflow/WorkflowResult.java,1,1,0,1,1,705,705,705.0,1.0,false
1.0.5,core/src/main/java/org/apache/syncope/core/util/multiparent/MultiParentNode.java,1,1,0,1,1,705,705,705.0,1.0,false
1.0.5,core/src/main/java/org/apache/syncope/core/util/TaskUtil.java,27,2,0,22,22,798,705,399.0,11.0,false
1.0.5,core/src/main/java/org/apache/syncope/core/util/SpringPersistenceUnitPostProcessor.java,2,1,0,2,2,705,705,705.0,2.0,false
1.0.5,core/src/main/java/org/apache/syncope/core/util/JexlUtil.java,3,1,0,1,1,705,705,705.0,1.0,false
1.0.5,core/src/main/java/org/apache/syncope/core/util/ImportExport.java,38,2,0,25,23,798,705,399.0,12.5,false
1.0.5,core/src/main/java/org/apache/syncope/core/security/SyncopeUserDetailsService.java,15,1,0,8,8,705,705,705.0,8.0,false
1.0.5,core/src/main/java/org/apache/syncope/core/security/AsymmetricCipher.java,1,1,0,1,1,705,705,705.0,1.0,false
1.0.5,core/src/main/java/org/apache/syncope/core/rest/data/VirtualSchemaDataBinder.java,8,1,0,4,4,705,705,705.0,4.0,false
1.0.5,core/src/main/java/org/apache/syncope/core/rest/data/UserRequestDataBinder.java,3,1,0,0,0,705,705,705.0,0.0,false
1.0.5,core/src/main/java/org/apache/syncope/core/rest/data/UnwrappedObjectMapper.java,1,1,0,1,1,705,705,705.0,1.0,false
1.0.5,core/src/main/java/org/apache/syncope/core/rest/data/SchemaDataBinder.java,10,1,0,0,0,705,705,705.0,0.0,false
1.0.5,core/src/main/java/org/apache/syncope/core/rest/data/ReportDataBinder.java,5,2,0,1,1,798,705,399.0,0.5,false
1.0.5,core/src/main/java/org/apache/syncope/core/rest/data/PolicyDataBinder.java,24,2,0,7,7,798,705,399.0,3.5,false
1.0.5,core/src/main/java/org/apache/syncope/core/rest/data/NotificationDataBinder.java,4,1,0,2,2,705,705,705.0,2.0,false
1.0.5,core/src/main/java/org/apache/syncope/core/rest/data/DerivedSchemaDataBinder.java,14,1,0,7,7,705,705,705.0,7.0,false
1.0.5,core/src/main/java/org/apache/syncope/core/rest/data/ConnInstanceDataBinder.java,6,1,0,0,0,705,705,705.0,0.0,false
1.0.5,core/src/main/java/org/apache/syncope/core/rest/data/ConfigurationDataBinder.java,3,1,0,1,1,705,705,705.0,1.0,false
1.0.5,core/src/main/java/org/apache/syncope/core/rest/controller/VirtualSchemaController.java,13,2,0,1,1,798,705,399.0,0.5,false
1.0.5,core/src/main/java/org/apache/syncope/core/rest/controller/TaskController.java,16,1,0,2,2,705,705,705.0,2.0,false
1.0.5,core/src/main/java/org/apache/syncope/core/rest/controller/ReportController.java,13,1,0,2,2,705,705,705.0,2.0,false
1.0.5,core/src/main/java/org/apache/syncope/core/rest/controller/NotificationController.java,5,1,0,1,1,705,705,705.0,1.0,false
1.0.5,core/src/main/java/org/apache/syncope/core/rest/controller/LoggerController.java,17,1,0,4,4,705,705,705.0,4.0,false
1.0.5,core/src/main/java/org/apache/syncope/core/rest/controller/DerivedSchemaController.java,16,2,0,2,1,798,705,399.0,1.0,false
1.0.5,core/src/main/java/org/apache/syncope/core/rest/controller/AuthenticationController.java,7,1,0,4,4,705,705,705.0,4.0,false
1.0.5,core/src/main/java/org/apache/syncope/core/rest/controller/AbstractController.java,12,1,0,4,4,705,705,705.0,4.0,false
1.0.5,core/src/main/java/org/apache/syncope/core/report/StaticReportlet.java,2,1,0,1,1,705,705,705.0,1.0,false
1.0.5,core/src/main/java/org/apache/syncope/core/report/ReportletConfClass.java,1,1,0,0,0,705,705,705.0,0.0,false
1.0.5,core/src/main/java/org/apache/syncope/core/report/Reportlet.java,1,1,0,0,0,705,705,705.0,0.0,false
1.0.5,core/src/main/java/org/apache/syncope/core/report/ReportJob.java,14,2,0,7,5,798,705,399.0,3.5,false
1.0.5,core/src/main/java/org/apache/syncope/core/report/AbstractReportlet.java,11,1,0,8,8,705,705,705.0,8.0,false
1.0.5,core/src/main/java/org/apache/syncope/core/quartz/AbstractTaskJob.java,1,1,0,1,1,705,705,705.0,1.0,false
1.0.5,core/src/main/java/org/apache/syncope/core/propagation/PropagationTaskExecutor.java,1,1,0,1,1,705,705,705.0,1.0,false
1.0.5,core/src/main/java/org/apache/syncope/core/propagation/PropagationHandler.java,1,1,0,0,0,705,705,705.0,0.0,false
1.0.5,core/src/main/java/org/apache/syncope/core/policy/PolicyEvaluator.java,68,2,0,15,11,798,705,399.0,7.5,false
1.0.5,core/src/main/java/org/apache/syncope/core/policy/PolicyEnforcer.java,5,1,0,3,3,705,705,705.0,3.0,false
1.0.5,core/src/main/java/org/apache/syncope/core/persistence/validation/entity/USchemaValidator.java,4,1,0,3,3,705,705,705.0,3.0,false
1.0.5,core/src/main/java/org/apache/syncope/core/persistence/validation/entity/USchemaCheck.java,1,1,0,1,1,705,705,705.0,1.0,false
1.0.5,core/src/main/java/org/apache/syncope/core/persistence/validation/entity/SyncopeRoleValidator.java,3,1,0,2,2,705,705,705.0,2.0,false
1.0.5,core/src/main/java/org/apache/syncope/core/persistence/validation/entity/SyncopeRoleCheck.java,1,1,0,1,1,705,705,705.0,1.0,false
1.0.5,core/src/main/java/org/apache/syncope/core/persistence/validation/entity/SyncTaskCheck.java,1,1,0,1,1,705,705,705.0,1.0,false
1.0.5,core/src/main/java/org/apache/syncope/core/persistence/validation/entity/SchemaValidator.java,5,1,0,3,3,705,705,705.0,3.0,false
1.0.5,core/src/main/java/org/apache/syncope/core/persistence/validation/entity/SchemaCheck.java,1,1,0,1,1,705,705,705.0,1.0,false
1.0.5,core/src/main/java/org/apache/syncope/core/persistence/validation/entity/SchedTaskCheck.java,1,1,0,1,1,705,705,705.0,1.0,false
1.0.5,core/src/main/java/org/apache/syncope/core/persistence/validation/entity/ReportValidator.java,4,1,0,1,1,705,705,705.0,1.0,false
1.0.5,core/src/main/java/org/apache/syncope/core/persistence/validation/entity/ReportCheck.java,1,1,0,1,1,705,705,705.0,1.0,false
1.0.5,core/src/main/java/org/apache/syncope/core/persistence/validation/entity/PropagationTaskCheck.java,1,1,0,1,1,705,705,705.0,1.0,false
1.0.5,core/src/main/java/org/apache/syncope/core/persistence/validation/entity/PolicyValidator.java,5,1,0,0,0,705,705,705.0,0.0,false
1.0.5,core/src/main/java/org/apache/syncope/core/persistence/validation/entity/PolicyCheck.java,1,1,0,1,1,705,705,705.0,1.0,false
1.0.5,core/src/main/java/org/apache/syncope/core/persistence/validation/entity/NotificationCheck.java,1,1,0,1,1,705,705,705.0,1.0,false
1.0.5,core/src/main/java/org/apache/syncope/core/persistence/validation/entity/ExternalResourceCheck.java,1,1,0,1,1,705,705,705.0,1.0,false
1.0.5,core/src/main/java/org/apache/syncope/core/persistence/validation/entity/EntityValidationInterceptor.java,2,1,0,2,2,705,705,705.0,2.0,false
1.0.5,core/src/main/java/org/apache/syncope/core/persistence/validation/entity/EntitlementValidator.java,4,1,0,3,3,705,705,705.0,3.0,false
1.0.5,core/src/main/java/org/apache/syncope/core/persistence/validation/entity/EntitlementCheck.java,1,1,0,1,1,705,705,705.0,1.0,false
1.0.5,core/src/main/java/org/apache/syncope/core/persistence/validation/entity/AttrValueValidator.java,3,1,0,2,2,705,705,705.0,2.0,false
1.0.5,core/src/main/java/org/apache/syncope/core/persistence/validation/entity/AttrValueCheck.java,1,1,0,1,1,705,705,705.0,1.0,false
1.0.5,core/src/main/java/org/apache/syncope/core/persistence/validation/entity/AttrValidator.java,3,1,0,2,2,705,705,705.0,2.0,false
1.0.5,core/src/main/java/org/apache/syncope/core/persistence/validation/entity/AttrCheck.java,1,1,0,1,1,705,705,705.0,1.0,false
1.0.5,core/src/main/java/org/apache/syncope/core/persistence/validation/attrvalue/InvalidAttrValueException.java,1,1,0,1,1,705,705,705.0,1.0,false
1.0.5,core/src/main/java/org/apache/syncope/core/persistence/validation/attrvalue/EmailAddressValidator.java,2,1,0,1,1,705,705,705.0,1.0,false
1.0.5,core/src/main/java/org/apache/syncope/core/persistence/validation/attrvalue/BasicValidator.java,2,1,0,0,0,705,705,705.0,0.0,false
1.0.5,core/src/main/java/org/apache/syncope/core/persistence/validation/attrvalue/AlwaysTrueValidator.java,2,1,0,1,1,705,705,705.0,1.0,false
1.0.5,core/src/main/java/org/apache/syncope/core/persistence/validation/attrvalue/AbstractValidator.java,1,1,0,1,1,705,705,705.0,1.0,false
1.0.5,core/src/main/java/org/apache/syncope/core/persistence/openjpa/JBossPersistenceMappingFactory.java,4,2,0,2,1,798,705,399.0,1.0,false
1.0.5,core/src/main/java/org/apache/syncope/core/persistence/dao/impl/VirAttrDAOImpl.java,11,2,0,2,2,798,705,399.0,1.0,false
1.0.5,core/src/main/java/org/apache/syncope/core/persistence/dao/impl/UserRequestDAOImpl.java,13,2,0,3,3,798,705,399.0,1.5,false
1.0.5,core/src/main/java/org/apache/syncope/core/persistence/dao/impl/TaskExecDAOImpl.java,10,2,0,2,2,798,705,399.0,1.0,false
1.0.5,core/src/main/java/org/apache/syncope/core/persistence/dao/impl/ReportExecDAOImpl.java,9,2,0,2,2,798,705,399.0,1.0,false
1.0.5,core/src/main/java/org/apache/syncope/core/persistence/dao/impl/ReportDAOImpl.java,4,2,0,3,2,798,705,399.0,1.5,false
1.0.5,core/src/main/java/org/apache/syncope/core/persistence/dao/impl/NotificationDAOImpl.java,8,2,0,2,2,798,705,399.0,1.0,false
1.0.5,core/src/main/java/org/apache/syncope/core/persistence/dao/impl/MembershipDAOImpl.java,8,2,0,3,3,798,705,399.0,1.5,false
1.0.5,core/src/main/java/org/apache/syncope/core/persistence/dao/impl/LoggerDAOImpl.java,9,2,0,1,1,798,705,399.0,0.5,false
1.0.5,core/src/main/java/org/apache/syncope/core/persistence/dao/impl/EntitlementDAOImpl.java,9,2,0,3,3,798,705,399.0,1.5,false
1.0.5,core/src/main/java/org/apache/syncope/core/persistence/dao/impl/DerAttrDAOImpl.java,12,2,0,2,2,798,705,399.0,1.0,false
1.0.5,core/src/main/java/org/apache/syncope/core/persistence/dao/impl/ConfDAOImpl.java,11,2,0,3,3,798,705,399.0,1.5,false
1.0.5,core/src/main/java/org/apache/syncope/core/persistence/dao/impl/AttrValueDAOImpl.java,11,2,0,2,2,798,705,399.0,1.0,false
1.0.5,core/src/main/java/org/apache/syncope/core/persistence/dao/impl/AttrDAOImpl.java,7,2,0,2,2,798,705,399.0,1.0,false
1.0.5,core/src/main/java/org/apache/syncope/core/persistence/dao/impl/AbstractDAOImpl.java,5,1,0,3,3,705,705,705.0,3.0,false
1.0.5,core/src/main/java/org/apache/syncope/core/persistence/dao/VirSchemaDAO.java,2,2,0,1,1,798,705,399.0,0.5,false
1.0.5,core/src/main/java/org/apache/syncope/core/persistence/dao/VirAttrDAO.java,1,1,0,1,1,705,705,705.0,1.0,false
1.0.5,core/src/main/java/org/apache/syncope/core/persistence/dao/UserRequestDAO.java,1,1,0,1,1,705,705,705.0,1.0,false
1.0.5,core/src/main/java/org/apache/syncope/core/persistence/dao/TaskExecDAO.java,1,1,0,1,1,705,705,705.0,1.0,false
1.0.5,core/src/main/java/org/apache/syncope/core/persistence/dao/SchemaDAO.java,2,2,0,1,1,798,705,399.0,0.5,false
1.0.5,core/src/main/java/org/apache/syncope/core/persistence/dao/ReportExecDAO.java,1,1,0,1,1,705,705,705.0,1.0,false
1.0.5,core/src/main/java/org/apache/syncope/core/persistence/dao/ReportDAO.java,1,1,0,1,1,705,705,705.0,1.0,false
1.0.5,core/src/main/java/org/apache/syncope/core/persistence/dao/PolicyDAO.java,3,1,0,2,2,705,705,705.0,2.0,false
1.0.5,core/src/main/java/org/apache/syncope/core/persistence/dao/NotificationDAO.java,1,1,0,1,1,705,705,705.0,1.0,false
1.0.5,core/src/main/java/org/apache/syncope/core/persistence/dao/MembershipDAO.java,1,1,0,1,1,705,705,705.0,1.0,false
1.0.5,core/src/main/java/org/apache/syncope/core/persistence/dao/LoggerDAO.java,3,1,0,2,2,705,705,705.0,2.0,false
1.0.5,core/src/main/java/org/apache/syncope/core/persistence/dao/EntitlementDAO.java,1,1,0,1,1,705,705,705.0,1.0,false
1.0.5,core/src/main/java/org/apache/syncope/core/persistence/dao/DerSchemaDAO.java,1,1,0,1,1,705,705,705.0,1.0,false
1.0.5,core/src/main/java/org/apache/syncope/core/persistence/dao/DerAttrDAO.java,1,1,0,1,1,705,705,705.0,1.0,false
1.0.5,core/src/main/java/org/apache/syncope/core/persistence/dao/ConnInstanceDAO.java,1,1,0,1,1,705,705,705.0,1.0,false
1.0.5,core/src/main/java/org/apache/syncope/core/persistence/dao/ConfDAO.java,1,1,0,1,1,705,705,705.0,1.0,false
1.0.5,core/src/main/java/org/apache/syncope/core/persistence/dao/AttrValueDAO.java,1,1,0,1,1,705,705,705.0,1.0,false
1.0.5,core/src/main/java/org/apache/syncope/core/persistence/dao/AttrDAO.java,3,1,0,2,2,705,705,705.0,2.0,false
1.0.5,core/src/main/java/org/apache/syncope/core/persistence/beans/user/UVirSchema.java,3,2,0,2,1,718,705,359.0,1.0,false
1.0.5,core/src/main/java/org/apache/syncope/core/persistence/beans/user/UVirAttr.java,6,2,0,4,2,798,705,399.0,2.0,false
1.0.5,core/src/main/java/org/apache/syncope/core/persistence/beans/user/USchema.java,3,2,0,2,1,718,705,359.0,1.0,false
1.0.5,core/src/main/java/org/apache/syncope/core/persistence/beans/user/UDerSchema.java,2,2,0,1,1,718,705,359.0,0.5,false
1.0.5,core/src/main/java/org/apache/syncope/core/persistence/beans/user/UDerAttr.java,8,2,0,5,4,798,705,399.0,2.5,false
1.0.5,core/src/main/java/org/apache/syncope/core/persistence/beans/user/UAttrValue.java,7,2,0,6,5,798,705,399.0,3.0,false
1.0.5,core/src/main/java/org/apache/syncope/core/persistence/beans/user/UAttrUniqueValue.java,7,2,0,6,5,798,705,399.0,3.0,false
1.0.5,core/src/main/java/org/apache/syncope/core/persistence/beans/role/SyncopeRole.java,13,2,0,8,6,798,705,399.0,4.0,false
1.0.5,core/src/main/java/org/apache/syncope/core/persistence/beans/role/RVirSchema.java,2,2,0,1,1,718,705,359.0,0.5,false
1.0.5,core/src/main/java/org/apache/syncope/core/persistence/beans/role/RSchema.java,5,2,0,4,3,718,705,359.0,2.0,false
1.0.5,core/src/main/java/org/apache/syncope/core/persistence/beans/role/RDerSchema.java,2,2,0,1,1,718,705,359.0,0.5,false
1.0.5,core/src/main/java/org/apache/syncope/core/persistence/beans/role/RDerAttr.java,8,2,0,5,4,798,705,399.0,2.5,false
1.0.5,core/src/main/java/org/apache/syncope/core/persistence/beans/role/RAttrValue.java,7,2,0,6,5,798,705,399.0,3.0,false
1.0.5,core/src/main/java/org/apache/syncope/core/persistence/beans/role/RAttrUniqueValue.java,7,2,0,6,5,798,705,399.0,3.0,false
1.0.5,core/src/main/java/org/apache/syncope/core/persistence/beans/membership/Membership.java,8,2,0,6,4,798,705,399.0,3.0,false
1.0.5,core/src/main/java/org/apache/syncope/core/persistence/beans/membership/MVirSchema.java,2,2,0,1,1,718,705,359.0,0.5,false
1.0.5,core/src/main/java/org/apache/syncope/core/persistence/beans/membership/MVirAttr.java,6,2,0,4,2,798,705,399.0,2.0,false
1.0.5,core/src/main/java/org/apache/syncope/core/persistence/beans/membership/MSchema.java,5,2,0,4,3,718,705,359.0,2.0,false
1.0.5,core/src/main/java/org/apache/syncope/core/persistence/beans/membership/MDerSchema.java,2,2,0,1,1,718,705,359.0,0.5,false
1.0.5,core/src/main/java/org/apache/syncope/core/persistence/beans/membership/MDerAttr.java,8,2,0,5,4,798,705,399.0,2.5,false
1.0.5,core/src/main/java/org/apache/syncope/core/persistence/beans/membership/MAttrValue.java,7,2,0,6,5,798,705,399.0,3.0,false
1.0.5,core/src/main/java/org/apache/syncope/core/persistence/beans/membership/MAttrUniqueValue.java,5,2,0,3,2,798,705,399.0,1.5,false
1.0.5,core/src/main/java/org/apache/syncope/core/persistence/beans/Task.java,1,1,0,1,1,705,705,705.0,1.0,false
1.0.5,core/src/main/java/org/apache/syncope/core/persistence/beans/SyncopeLogger.java,2,1,0,0,0,705,705,705.0,0.0,false
1.0.5,core/src/main/java/org/apache/syncope/core/persistence/beans/SyncPolicy.java,1,1,0,0,0,705,705,705.0,0.0,false
1.0.5,core/src/main/java/org/apache/syncope/core/persistence/beans/SchedTask.java,1,1,0,1,1,705,705,705.0,1.0,false
1.0.5,core/src/main/java/org/apache/syncope/core/persistence/beans/ReportExec.java,2,1,0,1,1,705,705,705.0,1.0,false
1.0.5,core/src/main/java/org/apache/syncope/core/persistence/beans/Report.java,2,1,0,1,1,705,705,705.0,1.0,false
1.0.5,core/src/main/java/org/apache/syncope/core/persistence/beans/PasswordPolicy.java,1,1,0,0,0,705,705,705.0,0.0,false
1.0.5,core/src/main/java/org/apache/syncope/core/persistence/beans/NotificationTask.java,2,1,0,1,1,705,705,705.0,1.0,false
1.0.5,core/src/main/java/org/apache/syncope/core/persistence/beans/Entitlement.java,1,1,0,1,1,705,705,705.0,1.0,false
1.0.5,core/src/main/java/org/apache/syncope/core/persistence/beans/AccountPolicy.java,1,1,0,0,0,705,705,705.0,0.0,false
1.0.5,core/src/main/java/org/apache/syncope/core/persistence/beans/AbstractVirSchema.java,3,2,0,0,0,718,705,359.0,0.0,false
1.0.5,core/src/main/java/org/apache/syncope/core/persistence/beans/AbstractVirAttr.java,1,1,0,1,1,705,705,705.0,1.0,false
1.0.5,core/src/main/java/org/apache/syncope/core/persistence/beans/AbstractExec.java,1,1,0,1,1,705,705,705.0,1.0,false
1.0.5,core/src/main/java/org/apache/syncope/core/persistence/beans/AbstractDerSchema.java,4,2,0,0,0,718,705,359.0,0.0,false
1.0.5,core/src/main/java/org/apache/syncope/core/persistence/beans/AbstractDerAttr.java,5,2,0,2,2,716,705,358.0,1.0,false
1.0.5,core/src/main/java/org/apache/syncope/core/init/LoggerLoader.java,15,1,0,7,7,705,705,705.0,7.0,false
1.0.5,core/src/main/java/org/apache/syncope/core/audit/JNDIFallbackConnectionSource.java,16,1,0,9,9,705,705,705.0,9.0,false
1.0.5,core/src/main/java/org/apache/syncope/core/audit/AuditManager.java,3,1,0,0,0,705,705,705.0,0.0,false
1.0.5,console/src/main/java/org/apache/syncope/console/wicket/markup/html/form/SelectableRecorder.java,1,1,0,1,1,705,705,705.0,1.0,false
1.0.5,console/src/main/java/org/apache/syncope/console/wicket/markup/html/form/MultiValueSelectorPanel.java,1,1,0,1,1,705,705,705.0,1.0,false
1.0.5,console/src/main/java/org/apache/syncope/console/wicket/markup/html/form/FieldPanel.java,1,1,0,1,1,705,705,705.0,1.0,false
1.0.5,console/src/main/java/org/apache/syncope/console/wicket/markup/html/form/DateTextFieldPanel.java,1,1,0,1,1,705,705,705.0,1.0,false
1.0.5,console/src/main/java/org/apache/syncope/console/wicket/markup/html/form/DateFieldPanel.java,1,1,0,0,0,705,705,705.0,0.0,false
1.0.5,console/src/main/java/org/apache/syncope/console/wicket/markup/html/form/CheckBoxMultipleChoiceFieldPanel.java,1,1,0,1,1,705,705,705.0,1.0,false
1.0.5,console/src/main/java/org/apache/syncope/console/wicket/markup/html/form/AjaxTextFieldPanel.java,1,1,0,1,1,705,705,705.0,1.0,false
1.0.5,console/src/main/java/org/apache/syncope/console/wicket/markup/html/form/AjaxPalettePanel.java,3,1,0,2,2,705,705,705.0,2.0,false
1.0.5,console/src/main/java/org/apache/syncope/console/wicket/markup/html/form/AjaxDropDownChoicePanel.java,1,1,0,1,1,705,705,705.0,1.0,false
1.0.5,console/src/main/java/org/apache/syncope/console/wicket/markup/html/form/AjaxCheckBoxPanel.java,1,1,0,1,1,705,705,705.0,1.0,false
1.0.5,console/src/main/java/org/apache/syncope/console/wicket/markup/html/form/AbstractFieldPanel.java,1,1,0,1,1,705,705,705.0,1.0,false
1.0.5,console/src/main/java/org/apache/syncope/console/rest/ExecutionRestClient.java,1,1,0,0,0,705,705,705.0,0.0,false
1.0.5,console/src/main/java/org/apache/syncope/console/pages/panels/UserDetailsPanel.java,1,1,0,0,0,705,705,705.0,0.0,false
1.0.5,console/src/main/java/org/apache/syncope/console/pages/panels/ResourcesPanel.java,9,1,0,5,5,705,705,705.0,5.0,false
1.0.5,console/src/main/java/org/apache/syncope/console/pages/panels/JQueryTabbedPanel.java,1,1,0,1,1,705,705,705.0,1.0,false
1.0.5,console/src/main/java/org/apache/syncope/console/pages/panels/DerivedAttributesPanel.java,5,1,0,0,0,705,705,705.0,0.0,false
1.0.5,console/src/main/java/org/apache/syncope/console/pages/panels/AccountInformationPanel.java,6,1,0,3,3,705,705,705.0,3.0,false
1.0.5,console/src/main/java/org/apache/syncope/console/pages/WelcomePage.java,4,1,0,2,2,705,705,705.0,2.0,false
1.0.5,console/src/main/java/org/apache/syncope/console/pages/UserTemplateModalPage.java,6,1,0,3,3,705,705,705.0,3.0,false
1.0.5,console/src/main/java/org/apache/syncope/console/pages/SyncTaskModalPage.java,2,1,0,0,0,705,705,705.0,0.0,false
1.0.5,console/src/main/java/org/apache/syncope/console/pages/SchedTaskModalPage.java,1,1,0,0,0,705,705,705.0,0.0,false
1.0.5,console/src/main/java/org/apache/syncope/console/pages/PropagationTaskModalPage.java,3,1,0,1,1,705,705,705.0,1.0,false
1.0.5,console/src/main/java/org/apache/syncope/console/pages/NotificationTaskModalPage.java,7,1,0,4,4,705,705,705.0,4.0,false
1.0.5,console/src/main/java/org/apache/syncope/console/pages/Logout.java,2,1,0,1,1,705,705,705.0,1.0,false
1.0.5,console/src/main/java/org/apache/syncope/console/pages/AbstractSchemaModalPage.java,3,1,0,0,0,705,705,705.0,0.0,false
1.0.5,console/src/main/java/org/apache/syncope/console/pages/AbstractSchedTaskModalPage.java,3,1,0,0,0,705,705,705.0,0.0,false
1.0.5,console/src/main/java/org/apache/syncope/console/markup/html/CrontabContainer.java,5,1,0,3,3,705,705,705.0,3.0,false
1.0.5,console/src/main/java/org/apache/syncope/console/commons/XMLRolesReader.java,1,1,0,1,1,705,705,705.0,1.0,false
1.0.5,console/src/main/java/org/apache/syncope/console/commons/SortableDataProviderComparator.java,1,1,0,1,1,705,705,705.0,1.0,false
1.0.5,console/src/main/java/org/apache/syncope/console/commons/SelectOption.java,1,1,0,1,1,705,705,705.0,1.0,false
1.0.5,console/src/main/java/org/apache/syncope/console/commons/SchemaModalPageFactory.java,2,1,0,0,0,705,705,705.0,0.0,false
1.0.5,console/src/main/java/org/apache/syncope/console/commons/MapChoiceRenderer.java,1,1,0,1,1,705,705,705.0,1.0,false
1.0.5,console/src/main/java/org/apache/syncope/console/commons/HttpResourceStream.java,1,1,0,1,1,705,705,705.0,1.0,false
1.0.5,console/src/main/java/org/apache/syncope/console/commons/DateFormatROModel.java,3,1,0,2,2,705,705,705.0,2.0,false
1.0.5,common/src/main/java/org/apache/syncope/common/validation/SyncopeClientException.java,76,1,0,76,76,705,705,705.0,76.0,false
1.0.5,common/src/main/java/org/apache/syncope/common/validation/SyncopeClientErrorHandler.java,93,1,0,93,93,705,705,705.0,93.0,false
1.0.5,common/src/main/java/org/apache/syncope/common/validation/SyncopeClientCompositeErrorException.java,101,1,0,101,101,705,705,705.0,101.0,false
1.0.5,common/src/main/java/org/apache/syncope/common/util/CollectionWrapper.java,111,1,0,111,111,705,705,705.0,111.0,false
1.0.5,common/src/main/java/org/apache/syncope/common/util/AttributableOperations.java,413,2,0,412,411,798,705,399.0,206.0,false
1.0.5,common/src/main/java/org/apache/syncope/common/types/package-info.java,19,1,0,19,19,705,705,705.0,19.0,false
1.0.5,common/src/main/java/org/apache/syncope/common/types/WorkflowFormPropertyType.java,29,1,0,29,29,705,705,705.0,29.0,false
1.0.5,common/src/main/java/org/apache/syncope/common/types/UserRequestType.java,27,1,0,27,27,705,705,705.0,27.0,false
1.0.5,common/src/main/java/org/apache/syncope/common/types/TraceLevel.java,40,1,0,40,40,705,705,705.0,40.0,false
1.0.5,common/src/main/java/org/apache/syncope/common/types/TaskType.java,49,1,0,49,49,705,705,705.0,49.0,false
1.0.5,common/src/main/java/org/apache/syncope/common/types/SyncopeLoggerType.java,35,1,0,35,35,705,705,705.0,35.0,false
1.0.5,common/src/main/java/org/apache/syncope/common/types/SyncopeLoggerLevel.java,65,1,0,65,65,705,705,705.0,65.0,false
1.0.5,common/src/main/java/org/apache/syncope/common/types/SyncopeClientExceptionType.java,99,1,0,99,99,705,705,705.0,99.0,false
1.0.5,common/src/main/java/org/apache/syncope/common/types/SyncPolicySpec.java,79,1,0,79,79,705,705,705.0,79.0,false
1.0.5,common/src/main/java/org/apache/syncope/common/types/SchemaType.java,46,2,0,46,43,732,705,366.0,23.0,false
1.0.5,common/src/main/java/org/apache/syncope/common/types/ResourceOperation.java,26,1,0,26,26,705,705,705.0,26.0,false
1.0.5,common/src/main/java/org/apache/syncope/common/types/ReportExecStatus.java,28,1,0,28,28,705,705,705.0,28.0,false
1.0.5,common/src/main/java/org/apache/syncope/common/types/ReportExecExportFormat.java,28,1,0,28,28,705,705,705.0,28.0,false
1.0.5,common/src/main/java/org/apache/syncope/common/types/PropagationTaskExecStatus.java,42,1,0,42,42,705,705,705.0,42.0,false
1.0.5,common/src/main/java/org/apache/syncope/common/types/PropagationMode.java,26,1,0,26,26,705,705,705.0,26.0,false
1.0.5,common/src/main/java/org/apache/syncope/common/types/PolicyType.java,49,1,0,49,49,705,705,705.0,49.0,false
1.0.5,common/src/main/java/org/apache/syncope/common/types/PasswordPolicySpec.java,354,1,0,354,354,705,705,705.0,354.0,false
1.0.5,common/src/main/java/org/apache/syncope/common/types/IntMappingType.java,201,2,0,196,193,716,705,358.0,98.0,false
1.0.5,common/src/main/java/org/apache/syncope/common/types/EntityViolationType.java,69,1,0,69,69,705,705,705.0,69.0,false
1.0.5,common/src/main/java/org/apache/syncope/common/types/ConnectorCapability.java,35,1,0,35,35,705,705,705.0,35.0,false
1.0.5,common/src/main/java/org/apache/syncope/common/types/ConnParameterType.java,37,1,0,37,37,705,705,705.0,37.0,false
1.0.5,common/src/main/java/org/apache/syncope/common/types/ConnConfProperty.java,73,1,0,73,73,705,705,705.0,73.0,false
1.0.5,common/src/main/java/org/apache/syncope/common/types/ConnConfPropSchema.java,112,1,0,112,112,705,705,705.0,112.0,false
1.0.5,common/src/main/java/org/apache/syncope/common/types/ConflictResolutionAction.java,31,1,0,31,31,705,705,705.0,31.0,false
1.0.5,common/src/main/java/org/apache/syncope/common/types/CipherAlgorithm.java,40,1,0,40,40,705,705,705.0,40.0,false
1.0.5,common/src/main/java/org/apache/syncope/common/types/AuditLoggerName.java,101,2,0,101,100,798,705,399.0,50.5,false
1.0.5,common/src/main/java/org/apache/syncope/common/types/AuditElements.java,246,2,0,245,244,798,705,399.0,122.5,false
1.0.5,common/src/main/java/org/apache/syncope/common/types/AttributableType.java,34,2,0,34,27,732,705,366.0,17.0,false
1.0.5,common/src/main/java/org/apache/syncope/common/types/AccountPolicySpec.java,176,1,0,176,176,705,705,705.0,176.0,false
1.0.5,common/src/main/java/org/apache/syncope/common/types/AbstractPolicySpec.java,29,1,0,29,29,705,705,705.0,29.0,false
1.0.5,common/src/main/java/org/apache/syncope/common/to/WorkflowFormTO.java,151,1,0,151,151,705,705,705.0,151.0,false
1.0.5,common/src/main/java/org/apache/syncope/common/to/WorkflowFormPropertyTO.java,134,1,0,134,134,705,705,705.0,134.0,false
1.0.5,common/src/main/java/org/apache/syncope/common/to/WorkflowDefinitionTO.java,46,1,0,46,46,705,705,705.0,46.0,false
1.0.5,common/src/main/java/org/apache/syncope/common/to/VirtualSchemaTO.java,28,2,0,28,25,732,705,366.0,14.0,false
1.0.5,common/src/main/java/org/apache/syncope/common/to/ValidatorTO.java,53,1,0,53,53,705,705,705.0,53.0,false
1.0.5,common/src/main/java/org/apache/syncope/common/to/UserTO.java,181,1,0,181,181,705,705,705.0,181.0,false
1.0.5,common/src/main/java/org/apache/syncope/common/to/UserRequestTO.java,84,1,0,84,84,705,705,705.0,84.0,false
1.0.5,common/src/main/java/org/apache/syncope/common/to/TaskTO.java,102,1,0,102,102,705,705,705.0,102.0,false
1.0.5,common/src/main/java/org/apache/syncope/common/to/TaskExecTO.java,34,1,0,34,34,705,705,705.0,34.0,false
1.0.5,common/src/main/java/org/apache/syncope/common/to/SyncTaskTO.java,114,1,0,114,114,705,705,705.0,114.0,false
1.0.5,common/src/main/java/org/apache/syncope/common/to/SyncPolicyTO.java,49,1,0,49,49,705,705,705.0,49.0,false
1.0.5,common/src/main/java/org/apache/syncope/common/to/SchemaTO.java,124,1,0,124,124,705,705,705.0,124.0,false
1.0.5,common/src/main/java/org/apache/syncope/common/to/SchedTaskTO.java,94,1,0,94,94,705,705,705.0,94.0,false
1.0.5,common/src/main/java/org/apache/syncope/common/to/RoleTO.java,220,2,0,207,207,715,705,357.5,103.5,false
1.0.5,common/src/main/java/org/apache/syncope/common/to/ResourceTO.java,241,1,0,241,241,705,705,705.0,241.0,false
1.0.5,common/src/main/java/org/apache/syncope/common/to/ReportTO.java,169,1,0,169,169,705,705,705.0,169.0,false
1.0.5,common/src/main/java/org/apache/syncope/common/to/ReportExecTO.java,40,1,0,40,40,705,705,705.0,40.0,false
1.0.5,common/src/main/java/org/apache/syncope/common/to/PropagationTaskTO.java,119,1,0,119,119,705,705,705.0,119.0,false
1.0.5,common/src/main/java/org/apache/syncope/common/to/PropagationTO.java,125,1,0,125,125,705,705,705.0,125.0,false
1.0.5,common/src/main/java/org/apache/syncope/common/to/PolicyTO.java,53,1,0,53,53,705,705,705.0,53.0,false
1.0.5,common/src/main/java/org/apache/syncope/common/to/PasswordPolicyTO.java,49,1,0,49,49,705,705,705.0,49.0,false
1.0.5,common/src/main/java/org/apache/syncope/common/to/NotificationTaskTO.java,116,1,0,116,116,705,705,705.0,116.0,false
1.0.5,common/src/main/java/org/apache/syncope/common/to/NotificationTO.java,154,1,0,154,154,705,705,705.0,154.0,false
1.0.5,common/src/main/java/org/apache/syncope/common/to/MembershipTO.java,88,2,0,86,86,798,705,399.0,43.0,false
1.0.5,common/src/main/java/org/apache/syncope/common/to/MappingTO.java,127,2,0,126,124,798,705,399.0,63.0,false
1.0.5,common/src/main/java/org/apache/syncope/common/to/MappingItemTO.java,116,1,0,116,116,705,705,705.0,116.0,false
1.0.5,common/src/main/java/org/apache/syncope/common/to/MailTemplateTO.java,53,1,0,53,53,705,705,705.0,53.0,false
1.0.5,common/src/main/java/org/apache/syncope/common/to/LoggerTO.java,47,1,0,47,47,705,705,705.0,47.0,false
1.0.5,common/src/main/java/org/apache/syncope/common/to/EntitlementTO.java,53,1,0,53,53,705,705,705.0,53.0,false
1.0.5,common/src/main/java/org/apache/syncope/common/to/DerivedSchemaTO.java,39,2,0,39,35,732,705,366.0,19.5,false
1.0.5,common/src/main/java/org/apache/syncope/common/to/ConnObjectTO.java,74,1,0,74,74,705,705,705.0,74.0,false
1.0.5,common/src/main/java/org/apache/syncope/common/to/ConnInstanceTO.java,163,1,0,163,163,705,705,705.0,163.0,false
1.0.5,common/src/main/java/org/apache/syncope/common/to/ConnBundleTO.java,97,1,0,97,97,705,705,705.0,97.0,false
1.0.5,common/src/main/java/org/apache/syncope/common/to/ConfigurationTO.java,51,1,0,51,51,705,705,705.0,51.0,false
1.0.5,common/src/main/java/org/apache/syncope/common/to/AttributeTO.java,112,1,0,112,112,705,705,705.0,112.0,false
1.0.5,common/src/main/java/org/apache/syncope/common/to/AccountPolicyTO.java,49,1,0,49,49,705,705,705.0,49.0,false
1.0.5,common/src/main/java/org/apache/syncope/common/to/AbstractSchemaTO.java,45,2,0,45,40,732,705,366.0,22.5,false
1.0.5,common/src/main/java/org/apache/syncope/common/to/AbstractExecTO.java,86,1,0,86,86,705,705,705.0,86.0,false
1.0.5,common/src/main/java/org/apache/syncope/common/to/AbstractAttributableTO.java,171,1,0,171,171,705,705,705.0,171.0,false
1.0.5,common/src/main/java/org/apache/syncope/common/services/WorkflowService.java,43,1,0,43,43,705,705,705.0,43.0,false
1.0.5,common/src/main/java/org/apache/syncope/common/services/UserService.java,126,1,0,126,126,705,705,705.0,126.0,false
1.0.5,common/src/main/java/org/apache/syncope/common/services/UserRequestService.java,60,1,0,60,60,705,705,705.0,60.0,false
1.0.5,common/src/main/java/org/apache/syncope/common/services/TaskService.java,99,1,0,99,99,705,705,705.0,99.0,false
1.0.5,common/src/main/java/org/apache/syncope/common/services/SchemaService.java,94,4,0,88,81,832,705,208.0,22.0,false
1.0.5,common/src/main/java/org/apache/syncope/common/services/RoleService.java,83,1,0,83,83,705,705,705.0,83.0,false
1.0.5,common/src/main/java/org/apache/syncope/common/services/ResourceService.java,72,1,0,72,72,705,705,705.0,72.0,false
1.0.5,common/src/main/java/org/apache/syncope/common/services/ReportService.java,101,2,0,97,96,708,705,354.0,48.5,false
1.0.5,common/src/main/java/org/apache/syncope/common/services/PolicyService.java,57,1,0,57,57,705,705,705.0,57.0,false
1.0.5,common/src/main/java/org/apache/syncope/common/services/NotificationService.java,51,1,0,51,51,705,705,705.0,51.0,false
1.0.5,common/src/main/java/org/apache/syncope/common/services/LoggerService.java,70,2,0,63,62,708,705,354.0,31.5,false
1.0.5,common/src/main/java/org/apache/syncope/common/services/EntitlementService.java,43,1,0,43,43,705,705,705.0,43.0,false
1.0.5,common/src/main/java/org/apache/syncope/common/services/ConnectorService.java,92,2,0,88,87,708,705,354.0,44.0,false
1.0.5,common/src/main/java/org/apache/syncope/common/services/ConfigurationService.java,68,1,0,68,68,705,705,705.0,68.0,false
1.0.5,common/src/main/java/org/apache/syncope/common/search/SearchCond.java,27,1,0,27,27,705,705,705.0,27.0,false
1.0.5,common/src/main/java/org/apache/syncope/common/search/ResourceCond.java,42,1,0,42,42,705,705,705.0,42.0,false
1.0.5,common/src/main/java/org/apache/syncope/common/search/NodeCond.java,242,1,0,242,242,705,705,705.0,242.0,false
1.0.5,common/src/main/java/org/apache/syncope/common/search/MembershipCond.java,58,1,0,58,58,705,705,705.0,58.0,false
1.0.5,common/src/main/java/org/apache/syncope/common/search/EntitlementCond.java,41,1,0,41,41,705,705,705.0,41.0,false
1.0.5,common/src/main/java/org/apache/syncope/common/search/AttributeCond.java,86,1,0,86,86,705,705,705.0,86.0,false
1.0.5,common/src/main/java/org/apache/syncope/common/search/AttributableCond.java,34,1,0,34,34,705,705,705.0,34.0,false
1.0.5,common/src/main/java/org/apache/syncope/common/report/UserReportletConf.java,113,1,0,113,113,705,705,705.0,113.0,false
1.0.5,common/src/main/java/org/apache/syncope/common/report/StaticReportletConf.java,103,1,0,103,103,705,705,705.0,103.0,false
1.0.5,common/src/main/java/org/apache/syncope/common/report/ReportletConf.java,32,1,0,32,32,705,705,705.0,32.0,false
1.0.5,common/src/main/java/org/apache/syncope/common/report/AbstractReportletConf.java,46,1,0,46,46,705,705,705.0,46.0,false
1.0.5,common/src/main/java/org/apache/syncope/common/mod/UserMod.java,98,1,0,98,98,705,705,705.0,98.0,false
1.0.5,common/src/main/java/org/apache/syncope/common/mod/StatusMod.java,121,1,0,121,121,705,705,705.0,121.0,false
1.0.5,common/src/main/java/org/apache/syncope/common/mod/RoleMod.java,156,1,0,156,156,705,705,705.0,156.0,false
1.0.5,common/src/main/java/org/apache/syncope/common/mod/ReferenceMod.java,49,1,0,49,49,705,705,705.0,49.0,false
1.0.5,common/src/main/java/org/apache/syncope/common/mod/MembershipMod.java,82,1,0,82,82,705,705,705.0,82.0,false
1.0.5,common/src/main/java/org/apache/syncope/common/mod/AttributeMod.java,87,1,0,87,87,705,705,705.0,87.0,false
1.0.5,common/src/main/java/org/apache/syncope/common/mod/AbstractAttributableMod.java,252,1,0,252,252,705,705,705.0,252.0,false
1.0.5,common/src/main/java/org/apache/syncope/common/annotation/SchemaList.java,28,1,0,28,28,705,705,705.0,28.0,false
1.0.5,common/src/main/java/org/apache/syncope/common/annotation/FormAttributeField.java,33,1,0,33,33,705,705,705.0,33.0,false
1.0.5,common/src/main/java/org/apache/syncope/common/SyncopeConstants.java,34,1,0,34,34,705,705,705.0,34.0,false
1.0.5,common/src/main/java/org/apache/syncope/common/AbstractBaseBean.java,45,1,0,45,45,705,705,705.0,45.0,false
1.0.5,client/src/main/java/org/apache/syncope/client/services/proxy/WorkflowServiceProxy.java,47,1,0,47,47,705,705,705.0,47.0,false
1.0.5,client/src/main/java/org/apache/syncope/client/services/proxy/UserServiceProxy.java,185,1,0,185,185,705,705,705.0,185.0,false
1.0.5,client/src/main/java/org/apache/syncope/client/services/proxy/UserRequestServiceProxy.java,71,1,0,71,71,705,705,705.0,71.0,false
1.0.5,client/src/main/java/org/apache/syncope/client/services/proxy/TaskServiceProxy.java,200,1,0,200,200,705,705,705.0,200.0,false
1.0.5,client/src/main/java/org/apache/syncope/client/services/proxy/SpringServiceProxy.java,41,1,0,41,41,705,705,705.0,41.0,false
1.0.5,client/src/main/java/org/apache/syncope/client/services/proxy/SpringRestTemplate.java,26,1,0,26,26,705,705,705.0,26.0,false
1.0.5,client/src/main/java/org/apache/syncope/client/services/proxy/SchemaServiceProxy.java,116,3,0,105,102,739,705,246.33333,35.0,false
1.0.5,client/src/main/java/org/apache/syncope/client/services/proxy/RoleServiceProxy.java,103,1,0,103,103,705,705,705.0,103.0,false
1.0.5,client/src/main/java/org/apache/syncope/client/services/proxy/ResourceServiceProxy.java,91,1,0,91,91,705,705,705.0,91.0,false
1.0.5,client/src/main/java/org/apache/syncope/client/services/proxy/ReportServiceProxy.java,111,1,0,111,111,705,705,705.0,111.0,false
1.0.5,client/src/main/java/org/apache/syncope/client/services/proxy/PolicyServiceProxy.java,122,1,0,122,122,705,705,705.0,122.0,false
1.0.5,client/src/main/java/org/apache/syncope/client/services/proxy/NotificationServiceProxy.java,62,1,0,62,62,705,705,705.0,62.0,false
1.0.5,client/src/main/java/org/apache/syncope/client/services/proxy/LoggerServiceProxy.java,65,1,0,65,65,705,705,705.0,65.0,false
1.0.5,client/src/main/java/org/apache/syncope/client/services/proxy/EntitlementServiceProxy.java,48,1,0,48,48,705,705,705.0,48.0,false
1.0.5,client/src/main/java/org/apache/syncope/client/services/proxy/ConnectorServiceProxy.java,120,2,0,118,118,732,705,366.0,59.0,false
1.0.5,client/src/main/java/org/apache/syncope/client/services/proxy/ConfigurationServiceProxy.java,94,2,0,93,93,732,705,366.0,46.5,false
1.0.5,core/src/main/java/org/apache/syncope/core/services/ConnectorServiceImpl.java,160,2,0,159,159,38,27,19.0,79.5,false
1.0.5,core/src/main/java/org/apache/syncope/core/rest/utils/RestServiceExceptionMapper.java,281,1,0,281,281,7,7,7.0,281.0,false
1.0.5,core/src/main/java/org/apache/syncope/core/rest/utils/QueryResourceInfoComperator.java,116,1,0,116,116,7,7,7.0,116.0,false
1.0.5,client/src/main/java/org/apache/syncope/client/rest/utils/RestClientExceptionMapper.java,131,1,0,131,131,7,7,7.0,131.0,false
1.0.5,core/src/main/java/org/apache/syncope/core/services/SchemaServiceImpl.java,183,3,0,176,170,127,93,42.333332,58.666668,false
1.0.5,core/src/test/java/org/apache/syncope/core/AbstractNonDAOTest.java,29,1,0,29,29,93,93,93.0,29.0,false
1.0.5,core/src/main/java/org/apache/syncope/core/propagation/TimeoutException.java,43,1,0,43,43,15,15,15.0,43.0,false
1.0.5,core/src/main/java/org/apache/syncope/core/propagation/AsyncConnectorFacade.java,238,2,0,228,223,18,15,9.0,114.0,false
1.0.5,build-tools/src/main/java/org/apache/syncope/buildtools/ServiceTimeoutServlet.java,101,1,0,101,101,15,15,15.0,101.0,false
